{"stats":{"minecraft:killed_by":{"minecraft:zombie":3},"minecraft:mined":{"minecraft:podzol":1,"minecraft:white_bed":1,"iceandfire:silver_ore":8,"minecraft:crafting_table":2,"minecraft:nether_bricks":3,"minecraft:cave_vines_plant":3,"minecraft:granite":1,"iceandfire:deepslate_silver_ore":1,"minecraft:tall_grass":3,"minecraft:spruce_leaves":13,"minecraft:sugar_cane":5,"minecraft:moss_block":1,"minecraft:skeleton_skull":1,"minecraft:hay_block":40,"minecraft:furnace":1,"minecraft:iron_ore":10,"minecraft:spruce_log":18,"minecraft:andesite":6,"minecraft:wither_rose":1,"minecraft:grass":17,"minecraft:coal_ore":32,"minecraft:cave_vines":3,"minecraft:deepslate_iron_ore":13,"minecraft:vine":1,"minecraft:dirt":6,"minecraft:stone":109,"minecraft:deepslate":1,"minecraft:fern":1},"minecraft:dropped":{"minecraft:wheat":2,"minecraft:wooden_pickaxe":1},"minecraft:crafted":{"minecraft:crafting_table":1,"minecraft:spruce_planks":72,"minecraft:wooden_pickaxe":1,"minecraft:furnace":1,"minecraft:stone_axe":1,"minecraft:bread":89,"minecraft:air":0,"minecraft:iron_chestplate":1,"minecraft:stick":8,"minecraft:iron_ingot":18,"minecraft:iron_pickaxe":1,"minecraft:stone_pickaxe":1,"minecraft:stone_sword":1,"minecraft:iron_leggings":1,"minecraft:torch":28,"minecraft:wheat":270},"minecraft:killed":{"minecraft:pig":11,"minecraft:spider":2},"minecraft:used":{"sophisticatedbackpacks:iron_backpack":2,"minecraft:stone_sword":62,"minecraft:stone_pickaxe":129,"minecraft:wooden_pickaxe":26,"minecraft:cooked_salmon":3,"minecraft:torch":12,"minecraft:glow_berries":5,"minecraft:dirt":5,"minecraft:crafting_table":2,"minecraft:bread":7,"minecraft:iron_pickaxe":31,"minecraft:spruce_sapling":5,"minecraft:stone_axe":2,"minecraft:cobblestone":11,"minecraft:furnace":1,"minecraft:wither_rose":1},"minecraft:custom":{"minecraft:interact_with_furnace":8,"minecraft:mob_kills":13,"minecraft:interact_with_crafting_table":9,"minecraft:open_barrel":1,"minecraft:leave_game":2,"minecraft:time_since_death":4120,"minecraft:sleep_in_bed":1,"minecraft:climb_one_cm":400,"minecraft:time_since_rest":4268,"minecraft:sprint_one_cm":157464,"minecraft:damage_taken":1304,"minecraft:walk_one_cm":84089,"minecraft:drop":2,"minecraft:damage_dealt":1662,"minecraft:fly_one_cm":144815,"minecraft:open_chest":6,"minecraft:crouch_one_cm":19013,"minecraft:play_time":51010,"minecraft:deaths":3,"minecraft:sneak_time":8590,"minecraft:walk_under_water_one_cm":1752,"minecraft:jump":708,"minecraft:walk_on_water_one_cm":4206,"minecraft:total_world_time":51010,"minecraft:fall_one_cm":23373},"minecraft:picked_up":{"minecraft:crafting_table":2,"minecraft:wheat":2,"minecraft:andesite":6,"minecraft:wooden_pickaxe":1,"minecraft:wither_rose":1,"minecraft:string":3,"minecraft:dirt":6,"minecraft:cooked_salmon":5,"minecraft:bone":2,"minecraft:wheat_seeds":5,"minecraft:cobbled_deepslate":1,"minecraft:moss_block":1,"minecraft:sugar_cane":12,"minecraft:furnace":1,"minecraft:stick":8,"minecraft:raw_iron":23,"minecraft:porkchop":20,"minecraft:spruce_sapling":5,"sophisticatedbackpacks:iron_backpack":1,"minecraft:white_bed":1,"minecraft:spruce_log":18,"minecraft:spider_eye":1,"minecraft:nether_bricks":3,"minecraft:hay_block":40,"minecraft:granite":1,"minecraft:cobblestone":109,"minecraft:glow_berries":4,"minecraft:skeleton_skull":1,"minecraft:coal":59,"iceandfire:raw_silver":9}},"DataVersion":3465}