{"stats":{"minecraft:mined":{"alexscaves:spelunkery_table":1,"iceandfire:silver_ore":1,"minecraft:jungle_leaves":5,"biomesoplenty:desert_grass":1,"minecraft:powder_snow":6,"minecraft:oak_fence":2,"biomesoplenty:bush":2,"minecraft:jungle_log":4,"minecraft:cobblestone":10,"minecraft:spruce_leaves":2,"biomesoplenty:willow_log":3,"biomesoplenty:dead_grass":1,"minecraft:diorite":1,"minecraft:wall_torch":1,"minecraft:chiseled_stone_bricks":1,"minecraft:iron_ore":9,"minecraft:fire":1,"minecraft:sweet_berry_bush":3,"minecraft:andesite":2,"minecraft:tnt":1,"minecraft:grass":5,"minecraft:oak_log":2,"minecraft:coal_ore":10,"minecraft:vine":1,"minecraft:iron_bars":6,"minecraft:gravel":1,"minecraft:cobweb":10,"minecraft:polished_andesite":1,"minecraft:stonecutter":1,"minecraft:stone":16,"minecraft:fern":7},"minecraft:custom":{"minecraft:mob_kills":24,"minecraft:interact_with_crafting_table":11,"minecraft:interact_with_loom":1,"minecraft:leave_game":3,"minecraft:time_since_death":565,"minecraft:sleep_in_bed":1,"minecraft:climb_one_cm":2819,"minecraft:time_since_rest":603,"minecraft:sprint_one_cm":446316,"minecraft:damage_taken":6814,"minecraft:walk_one_cm":281263,"minecraft:damage_blocked_by_shield":6390,"minecraft:drop":5,"minecraft:damage_dealt":5166,"minecraft:swim_one_cm":20617,"minecraft:fly_one_cm":244800,"minecraft:open_chest":49,"minecraft:crouch_one_cm":9295,"minecraft:play_time":82481,"minecraft:deaths":19,"minecraft:sneak_time":3608,"minecraft:walk_under_water_one_cm":1489,"minecraft:jump":1314,"minecraft:walk_on_water_one_cm":21399,"minecraft:total_world_time":82481,"minecraft:fall_one_cm":30614},"minecraft:picked_up":{"minecraft:leather_chestplate":1,"minecraft:feather":2,"minecraft:chicken":1,"minecraft:andesite":2,"minecraft:jungle_log":4,"minecraft:oak_log":2,"minecraft:string":11,"minecraft:iron_leggings":1,"minecraft:bone":15,"minecraft:stonecutter":1,"minecraft:melon_slice":10,"minecraft:oak_planks":19,"minecraft:raw_iron":9,"minecraft:sweet_berries":15,"minecraft:chiseled_stone_bricks":3,"minecraft:oak_fence":2,"minecraft:torch":3,"minecraft:gravel":1,"minecraft:porkchop":7,"minecraft:jungle_planks":16,"mowziesmobs:wrought_helmet":1,"minecraft:diorite":2,"minecraft:spider_eye":1,"minecraft:golden_chestplate":1,"minecraft:polished_andesite":2,"minecraft:tnt":1,"minecraft:arrow":15,"minecraft:rotten_flesh":6,"biomesoplenty:willow_log":3,"minecraft:stone_axe":1,"minecraft:chainmail_leggings":1,"alexscaves:spelunkery_table":1,"minecraft:chainmail_helmet":1,"minecraft:oak_sapling":1,"minecraft:iron_bars":6,"minecraft:mutton":1,"iceandfire:raw_silver":1,"minecraft:coal":10,"minecraft:white_wool":1,"minecraft:cobblestone":27},"minecraft:crafted":{"minecraft:wooden_sword":1,"minecraft:crafting_table":2,"minecraft:wooden_pickaxe":1,"minecraft:iron_sword":1,"minecraft:jungle_planks":16,"minecraft:stick":8,"minecraft:stone_pickaxe":1,"minecraft:stone_sword":1,"minecraft:chest":2},"minecraft:killed_by":{"mowziesmobs:ferrous_wroughtnaut":8,"minecraft:player":1,"minecraft:skeleton":7,"minecraft:zombie":1,"mowziesmobs:foliaath":2},"minecraft:used":{"minecraft:golden_boots":1,"minecraft:diorite":1,"minecraft:stone_sword":126,"minecraft:stone_pickaxe":48,"minecraft:shield":79,"minecraft:chest":2,"minecraft:wooden_pickaxe":11,"minecraft:leather_chestplate":1,"minecraft:iron_sword":20,"minecraft:stonecutter":1,"minecraft:torch":34,"minecraft:mutton":1,"minecraft:crafting_table":2,"minecraft:chicken":1,"minecraft:melon_slice":10,"minecraft:gravel":1,"minecraft:chiseled_stone_bricks":3,"alexscaves:spelunkery_table":1,"minecraft:cobblestone":2,"minecraft:sweet_berries":21,"minecraft:porkchop":3,"minecraft:cooked_beef":2},"minecraft:killed":{"minecraft:pig":4,"minecraft:spider":1,"minecraft:sheep":1,"minecraft:skeleton":9,"minecraft:zombie":8,"minecraft:chicken":1},"minecraft:dropped":{"minecraft:stone_sword":1,"minecraft:obsidian":1,"minecraft:oak_sapling":1,"minecraft:iron_leggings":2},"minecraft:broken":{"minecraft:shield":2,"minecraft:golden_boots":1}},"DataVersion":3465}