{"stats":{"minecraft:dropped":{"minecraft:obsidian":1,"minecraft:oak_sapling":1},"minecraft:picked_up":{"minecraft:leather_chestplate":1,"minecraft:feather":2,"minecraft:chicken":1,"minecraft:jungle_log":4,"minecraft:oak_log":2,"minecraft:string":9,"minecraft:bone":1,"minecraft:stonecutter":1,"minecraft:melon_slice":10,"minecraft:raw_iron":4,"minecraft:sweet_berries":15,"minecraft:oak_fence":2,"minecraft:torch":2,"minecraft:gravel":1,"minecraft:jungle_planks":16,"minecraft:porkchop":7,"minecraft:diorite":1,"minecraft:golden_chestplate":1,"minecraft:tnt":1,"minecraft:arrow":5,"minecraft:rotten_flesh":4,"biomesoplenty:willow_log":3,"minecraft:stone_axe":1,"minecraft:chainmail_leggings":1,"alexscaves:spelunkery_table":1,"minecraft:oak_sapling":1,"minecraft:mutton":1,"iceandfire:raw_silver":1,"minecraft:coal":10,"minecraft:white_wool":1,"minecraft:cobblestone":14},"minecraft:killed":{"minecraft:pig":4,"minecraft:sheep":1,"minecraft:skeleton":2,"minecraft:zombie":5,"minecraft:chicken":1},"minecraft:mined":{"alexscaves:spelunkery_table":1,"iceandfire:silver_ore":1,"biomesoplenty:desert_grass":1,"minecraft:jungle_leaves":5,"minecraft:powder_snow":6,"minecraft:oak_fence":2,"biomesoplenty:bush":2,"minecraft:jungle_log":4,"minecraft:cobblestone":7,"minecraft:spruce_leaves":2,"biomesoplenty:willow_log":3,"biomesoplenty:dead_grass":1,"minecraft:diorite":1,"minecraft:fire":1,"minecraft:iron_ore":4,"minecraft:sweet_berry_bush":3,"minecraft:tnt":1,"minecraft:grass":5,"minecraft:oak_log":2,"minecraft:coal_ore":10,"minecraft:vine":1,"minecraft:gravel":1,"minecraft:cobweb":10,"minecraft:stonecutter":1,"minecraft:stone":6,"minecraft:fern":7},"minecraft:killed_by":{"minecraft:skeleton":3,"mowziesmobs:foliaath":2},"minecraft:custom":{"minecraft:mob_kills":13,"minecraft:interact_with_crafting_table":7,"minecraft:interact_with_loom":1,"minecraft:leave_game":2,"minecraft:time_since_death":305,"minecraft:sleep_in_bed":1,"minecraft:climb_one_cm":2819,"minecraft:time_since_rest":343,"minecraft:sprint_one_cm":149578,"minecraft:damage_taken":1587,"minecraft:walk_one_cm":112238,"minecraft:drop":2,"minecraft:damage_dealt":1766,"minecraft:swim_one_cm":2754,"minecraft:fly_one_cm":143520,"minecraft:open_chest":16,"minecraft:crouch_one_cm":7073,"minecraft:play_time":34552,"minecraft:deaths":5,"minecraft:sneak_time":2791,"minecraft:walk_under_water_one_cm":1024,"minecraft:jump":759,"minecraft:walk_on_water_one_cm":3318,"minecraft:total_world_time":34552,"minecraft:fall_one_cm":18334},"minecraft:crafted":{"minecraft:wooden_sword":1,"minecraft:crafting_table":2,"minecraft:wooden_pickaxe":1,"minecraft:jungle_planks":16,"minecraft:stick":8,"minecraft:stone_pickaxe":1,"minecraft:stone_sword":1},"minecraft:used":{"minecraft:golden_boots":1,"minecraft:stone_sword":67,"minecraft:stone_pickaxe":20,"minecraft:wooden_pickaxe":11,"minecraft:leather_chestplate":1,"minecraft:torch":21,"minecraft:mutton":1,"minecraft:crafting_table":2,"minecraft:chicken":1,"minecraft:melon_slice":10,"minecraft:gravel":1,"minecraft:sweet_berries":21,"minecraft:porkchop":3}},"DataVersion":3465}