{"stats":{"minecraft:custom":{"minecraft:mob_kills":41,"minecraft:interact_with_crafting_table":28,"minecraft:leave_game":11,"minecraft:time_since_death":59,"minecraft:climb_one_cm":8037,"minecraft:sprint_one_cm":921172,"minecraft:walk_one_cm":545771,"minecraft:damage_blocked_by_shield":645,"minecraft:drop":18,"minecraft:play_time":249603,"minecraft:deaths":49,"minecraft:sneak_time":8373,"minecraft:walk_under_water_one_cm":27064,"minecraft:boat_one_cm":65700,"minecraft:jump":2914,"minecraft:walk_on_water_one_cm":73573,"minecraft:enchant_item":3,"minecraft:total_world_time":249603,"minecraft:interact_with_furnace":11,"minecraft:interact_with_loom":1,"minecraft:pot_flower":1,"minecraft:interact_with_stonecutter":1,"minecraft:sleep_in_bed":8,"minecraft:time_since_rest":62,"minecraft:damage_taken":2147483647,"minecraft:trigger_trapped_chest":1,"minecraft:damage_dealt":9448,"minecraft:swim_one_cm":69753,"minecraft:player_kills":2,"minecraft:fly_one_cm":865901,"minecraft:open_chest":104,"minecraft:crouch_one_cm":20673,"minecraft:fall_one_cm":82416},"minecraft:used":{"minecraft:oak_fence":2,"minecraft:stone_sword":65,"minecraft:enchanting_table":3,"minecraft:iron_bars":8,"minecraft:chest":1,"minecraft:spruce_planks":1,"minecraft:shield":80,"minecraft:iron_sword":8,"minecraft:iron_chestplate":2,"minecraft:torch":33,"minecraft:dirt":3,"iceandfire:copper_sword":30,"minecraft:jungle_planks":2,"minecraft:carrot":8,"minecraft:diamond_helmet":1,"minecraft:dark_oak_planks":3,"minecraft:bookshelf":47,"minecraft:spruce_wood":1,"minecraft:jungle_fence_gate":1,"minecraft:grass_block":1,"minecraft:polished_andesite_stairs":1,"minecraft:stone_bricks":1,"minecraft:bow":23,"minecraft:sweet_berries":39,"minecraft:oak_sapling":1,"minecraft:egg":8,"minecraft:cooked_beef":5,"minecraft:cobbled_deepslate":17,"minecraft:cow_spawn_egg":1,"minecraft:birch_planks":10,"minecraft:stone_pickaxe":23,"minecraft:polished_andesite":9,"minecraft:baked_potato":3,"minecraft:oak_planks":108,"minecraft:wooden_pickaxe":78,"minecraft:birch_boat":1,"minecraft:white_wool":2,"minecraft:crafting_table":4,"mowziesmobs:wrought_axe":379,"minecraft:oak_log":1,"minecraft:diamond_pickaxe":212,"minecraft:apple":11,"minecraft:iron_pickaxe":9,"minecraft:melon_slice":22,"minecraft:cobblestone":41,"minecraft:experience_bottle":11},"minecraft:crafted":{"minecraft:oak_planks":216,"minecraft:jungle_fence_gate":1,"minecraft:birch_boat":1,"minecraft:bookshelf":47,"minecraft:glass":6,"minecraft:diamond_helmet":1,"minecraft:diamond_leggings":1,"minecraft:chest":2,"minecraft:diamond_boots":1,"minecraft:oak_fence":3,"sophisticatedbackpacks:iron_backpack":1,"minecraft:glass_bottle":3,"sophisticatedbackpacks:backpack":1,"minecraft:crafting_table":3,"minecraft:enchanting_table":1,"minecraft:wooden_pickaxe":2,"minecraft:birch_planks":236,"minecraft:air":0,"iceandfire:bestiary":1,"minecraft:iron_chestplate":1,"minecraft:diamond_pickaxe":1,"minecraft:stick":12,"minecraft:iron_ingot":4,"minecraft:iron_pickaxe":1,"minecraft:stone_sword":2,"minecraft:torch":4},"minecraft:dropped":{"minecraft:cobblestone":17,"minecraft:dirt":1,"minecraft:melon_slice":10,"mowziesmobs:wrought_helmet":1,"minecraft:sweet_berries":10,"minecraft:leather_chestplate":1,"minecraft:potato":6,"minecraft:cooked_rabbit":1},"minecraft:killed_by":{"minecraft:stray":2,"minecraft:enderman":1,"iceandfire:hydra":1,"iceandfire:stymphalian_bird":1,"mowziesmobs:ferrous_wroughtnaut":9,"iceandfire:gorgon":1,"iceandfire:ice_dragon":8,"minecraft:skeleton":16,"minecraft:zombie":5,"iceandfire:ghost":2},"minecraft:picked_up":{"minecraft:wooden_axe":1,"minecraft:cocoa_beans":6,"minecraft:crafting_table":1,"minecraft:potion":1,"minecraft:string":1,"minecraft:iron_leggings":1,"minecraft:white_carpet":2,"minecraft:cyan_carpet":1,"minecraft:cracked_stone_bricks":1,"minecraft:cobbled_deepslate":165,"minecraft:spruce_planks":7,"minecraft:melon_slice":54,"minecraft:sugar_cane":4,"minecraft:chest":1,"minecraft:egg":3,"iceandfire:ice_dragon_heart":1,"minecraft:stick":16,"minecraft:raw_iron":5,"iceandfire:dragonbone":23,"minecraft:copper_ingot":2,"minecraft:torch":16,"minecraft:spruce_stairs":1,"minecraft:porkchop":4,"minecraft:redstone":9,"minecraft:dark_oak_planks":6,"iceandfire:dragon_skull_ice":2,"minecraft:arrow":18,"minecraft:rotten_flesh":4,"iceandfire:dragonscales_silver":11,"minecraft:obsidian":1,"minecraft:mutton":1,"minecraft:cobblestone":64,"minecraft:iron_bars":14,"minecraft:rail":1,"minecraft:white_wool":2,"minecraft:birch_log":59,"minecraft:enchanting_table":2,"minecraft:leather_chestplate":1,"minecraft:jungle_log":8,"minecraft:leather":4,"minecraft:red_mushroom":8,"minecraft:potato":1,"minecraft:oak_log":72,"minecraft:lily_pad":3,"mowziesmobs:wrought_axe":1,"minecraft:lapis_lazuli":47,"minecraft:paper":4,"minecraft:dirt":4,"minecraft:bone":14,"minecraft:apple":8,"minecraft:stone_bricks":1,"minecraft:wheat_seeds":3,"minecraft:spruce_wood":1,"minecraft:stone_pickaxe":1,"minecraft:iron_ingot":4,"minecraft:cobweb":3,"minecraft:iron_sword":1,"minecraft:oak_planks":2,"minecraft:dark_oak_stairs":3,"minecraft:book":222,"minecraft:polished_andesite_stairs":1,"minecraft:dark_oak_slab":4,"minecraft:sweet_berries":49,"minecraft:gravel":14,"minecraft:sand":6,"mowziesmobs:wrought_helmet":1,"iceandfire:stymphalian_bird_feather":5,"minecraft:grass_block":1,"minecraft:polished_andesite":9,"minecraft:slime_ball":4,"minecraft:diamond":8,"minecraft:soul_lantern":1,"minecraft:stone_axe":1,"minecraft:light_blue_carpet":3,"iceandfire:ice_dragon_flesh":4,"minecraft:oak_sapling":1,"minecraft:light_gray_carpet":2,"iceandfire:silver_nugget":60,"minecraft:ender_pearl":1},"minecraft:broken":{"minecraft:leather_helmet":1,"minecraft:iron_leggings":1,"minecraft:chainmail_helmet":1,"minecraft:golden_leggings":1,"minecraft:shield":1,"minecraft:leather_boots":1,"minecraft:golden_chestplate":1},"minecraft:mined":{"minecraft:dark_oak_planks":4,"minecraft:spruce_planks":2,"minecraft:deepslate_diamond_ore":8,"minecraft:jungle_leaves":1,"minecraft:light_blue_carpet":3,"minecraft:grass_block":3,"minecraft:jungle_log":4,"minecraft:spawner":14,"minecraft:cobbled_deepslate":4,"minecraft:deepslate_lapis_ore":7,"minecraft:enchanting_table":2,"minecraft:bookshelf":79,"minecraft:deepslate_iron_ore":5,"minecraft:iron_bars":14,"minecraft:stone":46,"minecraft:deepslate_redstone_ore":2,"minecraft:light_gray_carpet":2,"iceandfire:dragon_ice_spikes":4,"minecraft:torch":9,"minecraft:melon":6,"minecraft:chest":1,"minecraft:tall_grass":1,"minecraft:cobblestone":18,"minecraft:oak_planks":2,"minecraft:wall_torch":3,"minecraft:spruce_stairs":1,"minecraft:dark_oak_slab":1,"minecraft:birch_log":59,"minecraft:sweet_berry_bush":23,"minecraft:white_carpet":2,"minecraft:grass":15,"minecraft:oak_log":54,"iceandfire:silver_pile":9,"minecraft:cocoa":1,"minecraft:gravel":1,"minecraft:cyan_carpet":1,"minecraft:sand":6,"minecraft:dirt":1,"minecraft:mangrove_log":2,"minecraft:cracked_stone_bricks":1,"minecraft:polished_andesite":8,"minecraft:oak_leaves":7,"minecraft:deepslate":172,"minecraft:fern":37},"minecraft:killed":{"minecraft:spider":1,"iceandfire:stymphalian_bird":1,"minecraft:skeleton":23,"minecraft:horse":2,"mowziesmobs:ferrous_wroughtnaut":1,"minecraft:creeper":1,"minecraft:zombie":7,"iceandfire:ice_dragon":1,"minecraft:enderman":2}},"DataVersion":3465}