{"stats":{"minecraft:used":{"iceandfire:lectern":2,"minecraft:moss_carpet":1,"minecraft:iron_shovel":3,"minecraft:ladder":6,"minecraft:shield":141,"minecraft:iron_sword":19,"minecraft:iron_chestplate":2,"minecraft:nether_bricks":15,"minecraft:carrot":56,"iceandfire:dragonegg_green":2,"minecraft:tuff":1,"alexscaves:ping_pong_sponge":2,"minecraft:cyan_wool":1,"minecraft:snowball":12,"iceandfire:armor_red_boots":1,"minecraft:obsidian":11,"minecraft:spruce_boat":1,"minecraft:glass":2,"minecraft:lantern":6,"minecraft:stone_bricks":2,"minecraft:rabbit_stew":1,"minecraft:magma_block":3,"minecraft:oak_sapling":1,"minecraft:furnace":1,"minecraft:cooked_cod":4,"minecraft:egg":12,"minecraft:potato":69,"iceandfire:armor_red_helmet":2,"minecraft:dark_oak_stairs":1,"minecraft:damaged_anvil":1,"minecraft:spruce_door":3,"minecraft:stone_pickaxe":109,"minecraft:oak_planks":52,"minecraft:wooden_pickaxe":9,"iceandfire:armor_red_chestplate":4,"minecraft:chainmail_helmet":3,"minecraft:golden_apple":5,"minecraft:white_wool":11,"iceandfire:podium_spruce":1,"minecraft:sand":4,"alexscaves:cave_book":2,"minecraft:blast_furnace":1,"minecraft:crossbow":57,"minecraft:melon_slice":8,"minecraft:string":1,"minecraft:bread":8,"iceandfire:ice_dragon_flesh":13,"iceandfire:chared_cobblestone":1,"minecraft:golden_helmet":3,"minecraft:diamond_sword":62,"minecraft:wooden_sword":40,"iceandfire:dragon_skull_fire":2,"alexscaves:lanternfish":1,"minecraft:cooked_rabbit":1,"minecraft:oak_boat":2,"minecraft:experience_bottle":4,"minecraft:enchanting_table":1,"minecraft:flint_and_steel":10,"minecraft:spruce_planks":38,"minecraft:cooked_salmon":18,"minecraft:netherrack":155,"minecraft:torch":35,"minecraft:anvil":2,"minecraft:dirt":5,"alexscaves:cooked_tripodfish":1,"minecraft:yellow_carpet":3,"minecraft:iron_hoe":3,"minecraft:wooden_axe":122,"minecraft:bookshelf":21,"minecraft:iron_axe":223,"minecraft:smooth_sandstone":1,"iceandfire:dragon_ice":9,"iceandfire:armor_red_leggings":1,"minecraft:light_gray_wool":1,"minecraft:beef":3,"minecraft:cooked_beef":14,"minecraft:cobbled_deepslate":62,"minecraft:cooked_mutton":14,"minecraft:water_bucket":11,"iceandfire:fire_dragon_flesh":3,"minecraft:baked_potato":2,"iceandfire:tide_purple_helmet":1,"minecraft:cracked_stone_bricks":2,"minecraft:salmon":1,"minecraft:dark_prismarine_slab":2,"minecraft:crafting_table":17,"corail_recycler:recycler":1,"iceandfire:dragonegg_white":1,"minecraft:white_bed":2,"minecraft:cod":2,"minecraft:cake":1,"alexscaves:cooked_radgill":1,"mowziesmobs:wrought_axe":41,"minecraft:oak_log":1,"iceandfire:dragonegg_black":2,"minecraft:black_wool":2,"minecraft:diamond_pickaxe":1420,"minecraft:apple":7,"iceandfire:dragonbone_sword_fire":858,"iceandfire:dragonbone_bow":18,"minecraft:iron_pickaxe":210,"iceandfire:dragon_horn":25,"minecraft:spruce_sapling":1,"minecraft:stone_axe":179,"minecraft:fishing_rod":12,"minecraft:cobblestone":33,"minecraft:potion":1,"minecraft:cooked_porkchop":3,"minecraft:bucket":9},"minecraft:killed":{"minecraft:cave_spider":2,"minecraft:witch":1,"minecraft:spider":13,"minecraft:cod":1,"minecraft:skeleton":54,"minecraft:chicken":24,"artifacts:mimic":6,"minecraft:magma_cube":20,"minecraft:salmon":6,"minecraft:iron_golem":2,"minecraft:creeper":3,"minecraft:sheep":51,"minecraft:pillager":15,"minecraft:zombie":58,"minecraft:donkey":1,"minecraft:stray":2,"minecraft:blaze":3,"iceandfire:sea_serpent":4,"minecraft:cow":17,"mowziesmobs:naga":2,"minecraft:vindicator":2,"mowziesmobs:ferrous_wroughtnaut":1,"iceandfire:fire_dragon":5,"iceandfire:siren":3,"minecraft:drowned":4,"minecraft:husk":1,"iceandfire:cyclops":1,"iceandfire:troll":1,"iceandfire:ghost":5,"iceandfire:ice_dragon":2,"minecraft:wither_skeleton":4},"minecraft:dropped":{"sophisticatedbackpacks:iron_backpack":1,"alexscaves:depth_glass":6,"minecraft:lapis_lazuli":7,"minecraft:oak_log":20,"minecraft:glass_bottle":4,"minecraft:diamond":2,"minecraft:item_frame":1,"iceandfire:graveyard_soil":2,"minecraft:cod":1,"minecraft:flint":5,"minecraft:dirt":25,"minecraft:dark_oak_wood":2,"minecraft:dark_oak_trapdoor":4,"iceandfire:dragonegg_green":1,"minecraft:stripped_dark_oak_wood":1,"minecraft:snowball":11,"minecraft:chain":3,"minecraft:bone_meal":1,"minecraft:sand":3,"minecraft:white_wool":20,"minecraft:bone":1,"minecraft:gravel":4,"minecraft:stone_axe":1,"minecraft:sugar_cane":2,"minecraft:cobbled_deepslate":33,"minecraft:smooth_sandstone_stairs":1,"minecraft:birch_sapling":1,"minecraft:rotten_flesh":37,"minecraft:oak_planks":14,"minecraft:chainmail_chestplate":2,"minecraft:poppy":1,"minecraft:gunpowder":1,"iceandfire:dragonscale_red":2,"minecraft:chest":2,"minecraft:basalt":1,"minecraft:arrow":24,"minecraft:warped_wart_block":1,"minecraft:stone_brick_stairs":4,"minecraft:oak_leaves":1,"minecraft:netherrack":2,"minecraft:iron_ingot":14,"minecraft:wheat_seeds":5,"minecraft:golden_helmet":1,"minecraft:mossy_cobblestone":1,"minecraft:oxidized_cut_copper":2,"minecraft:prismarine_shard":4,"minecraft:cobblestone":88,"minecraft:book":15,"minecraft:granite":16,"iceandfire:sea_serpent_scales_green":4,"minecraft:stick":14,"minecraft:jungle_slab":1,"minecraft:gray_wool":1,"minecraft:diorite":59,"minecraft:torch":1,"minecraft:wooden_axe":1,"minecraft:cooked_salmon":5,"minecraft:chainmail_leggings":3,"minecraft:string":5,"minecraft:pink_petals":4,"minecraft:lily_pad":1,"iceandfire:dragon_skull_fire":1,"minecraft:spruce_sapling":15,"minecraft:redstone":5,"iceandfire:dragonbone":6,"iceandfire:silver_nugget":68,"minecraft:chiseled_quartz_block":2,"minecraft:bowl":1,"minecraft:tuff":1,"iceandfire:dragonegg_silver":1,"minecraft:chicken":2,"iceandfire:dragon_ice":2,"minecraft:shield":1,"iceandfire:chared_cobblestone":4,"minecraft:spruce_trapdoor":1,"minecraft:spruce_planks":20,"minecraft:andesite":19,"minecraft:oak_sapling":3,"iceandfire:dragonbone_bow":1,"minecraft:spider_eye":8,"minecraft:stone_bricks":2,"minecraft:spruce_log":25,"minecraft:sandstone":6,"minecraft:blue_orchid":3,"iceandfire:fire_dragon_heart":1,"minecraft:wooden_pickaxe":1,"minecraft:calcite":1,"minecraft:magma_block":1},"minecraft:mined":{"minecraft:white_bed":1,"minecraft:spruce_planks":8,"minecraft:obsidian":16,"minecraft:granite":62,"minecraft:grass_block":6,"minecraft:yellow_carpet":3,"iceandfire:lectern":1,"minecraft:spawner":25,"minecraft:tall_seagrass":5,"minecraft:magma_block":5,"minecraft:iron_ore":29,"minecraft:fire":24,"minecraft:anvil":1,"minecraft:deepslate_lapis_ore":5,"minecraft:pointed_dripstone":3,"iceandfire:gold_pile":3,"minecraft:iron_bars":18,"minecraft:tripwire":2,"iceandfire:chared_cobblestone":10,"minecraft:deepslate_redstone_ore":1,"minecraft:kelp_plant":5,"minecraft:powder_snow":51,"minecraft:clay":3,"minecraft:torch":4,"iceandfire:dragon_ice_spikes":8,"minecraft:blast_furnace":2,"minecraft:melon":2,"iceandfire:ghost_chest":2,"iceandfire:frozen_dirt":3,"minecraft:cobblestone":13,"minecraft:oak_planks":5,"minecraft:damaged_anvil":1,"minecraft:wall_torch":2,"minecraft:pink_petals":2,"minecraft:seagrass":1,"minecraft:cyan_wool":1,"minecraft:warped_nylium":1,"minecraft:birch_log":7,"minecraft:stone_brick_stairs":3,"minecraft:wither_rose":1,"minecraft:grass":37,"minecraft:oak_log":73,"minecraft:sand":14,"minecraft:dirt":9,"minecraft:netherrack":193,"minecraft:deepslate":252,"minecraft:oak_leaves":1,"iceandfire:chared_stone":21,"minecraft:diamond_ore":3,"alexscaves:spelunkery_table":1,"minecraft:tuff":26,"minecraft:mossy_cobblestone":1,"minecraft:deepslate_diamond_ore":4,"iceandfire:frozen_cobblestone":1,"minecraft:glow_lichen":1,"minecraft:nether_bricks":15,"minecraft:spruce_leaves":11,"iceandfire:dragon_ice":23,"minecraft:moss_block":4,"minecraft:cartography_table":1,"minecraft:sandstone":30,"minecraft:large_fern":1,"minecraft:carrots":5,"minecraft:andesite":57,"minecraft:nether_brick_fence":1,"minecraft:mossy_stone_brick_stairs":2,"minecraft:bookshelf":36,"minecraft:potatoes":4,"minecraft:deepslate_iron_ore":34,"minecraft:vine":4,"minecraft:lantern":7,"minecraft:stone":681,"iceandfire:podium_spruce":2,"minecraft:basalt":1,"iceandfire:frozen_gravel":1,"minecraft:crafting_table":1,"minecraft:emerald_ore":17,"minecraft:copper_ore":1,"minecraft:tall_grass":8,"minecraft:deepslate_coal_ore":2,"minecraft:deepslate_gold_ore":23,"minecraft:lapis_ore":7,"minecraft:diorite":62,"alexscaves:ping_pong_sponge":2,"minecraft:ice":25,"minecraft:spruce_log":122,"minecraft:dark_prismarine_slab":2,"minecraft:coal_ore":2,"minecraft:sunflower":6,"minecraft:gravel":19,"minecraft:cobweb":21,"minecraft:cracked_stone_bricks":2,"minecraft:stone_bricks":1,"minecraft:gold_ore":1,"minecraft:fern":2},"minecraft:picked_up":{"minecraft:iron_chestplate":1,"minecraft:nether_brick_fence":1,"minecraft:anvil":1,"minecraft:prismarine_shard":4,"minecraft:yellow_wool":3,"artifacts:bunny_hoppers":1,"iceandfire:dragonegg_white":1,"minecraft:wither_rose":1,"minecraft:stone_brick_stairs":4,"iceandfire:manuscript":7,"minecraft:string":43,"minecraft:dark_oak_trapdoor":4,"minecraft:raw_copper":3,"minecraft:cooked_salmon":1,"minecraft:iron_leggings":2,"minecraft:gold_nugget":148,"minecraft:cobbled_deepslate":145,"minecraft:spruce_planks":40,"minecraft:calcite":1,"minecraft:iron_pickaxe":2,"minecraft:melon_slice":7,"iceandfire:dragonscales_red":76,"minecraft:iron_boots":1,"minecraft:tipped_arrow":1,"minecraft:stick":15,"iceandfire:ghost_chest":2,"minecraft:oak_fence":1,"minecraft:torch":16,"minecraft:pointed_dripstone":3,"minecraft:diorite":59,"minecraft:honey_bottle":1,"minecraft:rotten_flesh":81,"minecraft:tropical_fish":2,"iceandfire:fire_dragon_heart":4,"minecraft:bookshelf":2,"minecraft:blaze_rod":3,"minecraft:obsidian":15,"minecraft:iron_bars":18,"minecraft:cod":3,"minecraft:snowball":23,"minecraft:cobblestone":591,"minecraft:birch_log":7,"minecraft:pink_petals":4,"minecraft:magma_block":4,"minecraft:feather":35,"minecraft:cooked_beef":24,"iceandfire:dragonscale_red":2,"minecraft:andesite":19,"iceandfire:armor_red_chestplate":1,"minecraft:chiseled_quartz_block":2,"minecraft:potato":16,"minecraft:flint":10,"minecraft:tuff":3,"minecraft:smooth_sandstone_stairs":1,"alexscaves:ping_pong_sponge":2,"minecraft:lapis_lazuli":90,"alexscaves:lanternfish":1,"minecraft:dirt":43,"iceandfire:dragonscales_bronze":37,"minecraft:lantern":7,"minecraft:leather_boots":2,"minecraft:bone":109,"minecraft:bow":1,"minecraft:wheat_seeds":13,"minecraft:raw_gold":30,"minecraft:glowstone_dust":2,"iceandfire:dragon_meal":128,"minecraft:moss_block":4,"minecraft:oak_planks":23,"minecraft:mossy_stone_brick_stairs":2,"minecraft:cooked_porkchop":3,"iceandfire:podium_spruce":2,"iceandfire:dragonscales_sapphire":48,"minecraft:warped_wart_block":1,"iceandfire:dragon_skull_fire":8,"iceandfire:shiny_scales":8,"minecraft:sand":18,"minecraft:jungle_slab":1,"iceandfire:frozen_dirt":3,"minecraft:mossy_cobblestone":1,"iceandfire:chared_cobblestone":5,"minecraft:iron_hoe":1,"minecraft:light_gray_concrete":2,"minecraft:dark_prismarine_slab":2,"minecraft:yellow_carpet":3,"minecraft:diamond":26,"iceandfire:lectern":1,"iceandfire:dragonbone_sword_fire":4,"iceandfire:dragon_ice":25,"minecraft:granite":41,"minecraft:bone_meal":2,"minecraft:golden_apple":1,"minecraft:chainmail_helmet":2,"iceandfire:dragonbone_bow":1,"minecraft:emerald":37,"minecraft:oak_sapling":4,"minecraft:netherrack":199,"iceandfire:silver_nugget":64,"minecraft:oak_leaves":1,"minecraft:crafting_table":1,"minecraft:chicken":41,"iceandfire:witherbone":2,"minecraft:clay_ball":12,"minecraft:rabbit_stew":1,"minecraft:cooked_rabbit":1,"minecraft:chain":3,"iceandfire:troll_weapon_column":1,"minecraft:shield":1,"iceandfire:dragonegg_silver":1,"minecraft:moss_carpet":4,"minecraft:iron_axe":1,"artifacts:power_glove":1,"artifacts:feral_claws":1,"minecraft:item_frame":1,"minecraft:iron_shovel":1,"minecraft:blue_orchid":3,"minecraft:cracked_stone_bricks":2,"iceandfire:graveyard_soil":2,"iceandfire:bestiary":1,"minecraft:cartography_table":1,"minecraft:beef":29,"minecraft:cyan_wool":1,"minecraft:poppy":3,"minecraft:light_gray_wool":1,"minecraft:chest":2,"minecraft:birch_sapling":3,"minecraft:spruce_trapdoor":1,"iceandfire:ice_dragon_heart":4,"minecraft:egg":5,"minecraft:raw_iron":88,"minecraft:sandstone":30,"iceandfire:dragonbone":167,"iceandfire:troll_tusk":1,"minecraft:bowl":1,"sophisticatedbackpacks:backpack":1,"minecraft:carrot":18,"minecraft:redstone":5,"minecraft:prismarine_crystals":3,"iceandfire:dragon_skull_ice":4,"minecraft:arrow":133,"iceandfire:sea_serpent_scales_purple":8,"minecraft:nether_bricks":15,"iceandfire:dragonscales_silver":13,"alexscaves:spelunkery_table":1,"mowziesmobs:ice_crystal":1,"artifacts:running_shoes":1,"minecraft:stripped_dark_oak_wood":1,"artifacts:cross_necklace":1,"minecraft:gold_ingot":2,"minecraft:mutton":94,"minecraft:skeleton_skull":1,"minecraft:white_wool":35,"iceandfire:dragonegg_green":2,"minecraft:basalt":1,"iceandfire:sea_serpent_fang":14,"minecraft:salmon":5,"minecraft:leather":39,"iceandfire:troll_leather_mountain":3,"artifacts:onion_ring":1,"alexscaves:depth_glass":6,"minecraft:oak_log":85,"minecraft:chainmail_chestplate":4,"minecraft:lily_pad":2,"iceandfire:ectoplasm":6,"minecraft:gunpowder":5,"mowziesmobs:wrought_axe":1,"iceandfire:dragonscales_blue":170,"minecraft:cooked_mutton":1,"minecraft:smooth_sandstone":1,"minecraft:stone_bricks":5,"minecraft:kelp":25,"minecraft:iron_ingot":8,"minecraft:glass_bottle":2,"minecraft:dark_oak_stairs":1,"minecraft:iron_sword":2,"iceandfire:sea_serpent_scales_deepblue":1,"iceandfire:fire_dragon_flesh":3,"minecraft:oxidized_cut_copper":2,"sophisticatedbackpacks:diamond_backpack":1,"minecraft:book":102,"iceandfire:dragonegg_black":1,"iceandfire:dragon_horn":1,"iceandfire:sea_serpent_scales_green":4,"minecraft:dripstone_block":1,"minecraft:gravel":20,"mowziesmobs:wrought_helmet":1,"minecraft:spruce_sapling":16,"minecraft:blast_furnace":2,"minecraft:white_bed":1,"minecraft:spruce_log":106,"artifacts:scarf_of_invisibility":1,"minecraft:spider_eye":20,"minecraft:leather_helmet":1,"minecraft:chainmail_leggings":3,"minecraft:gray_wool":1,"iceandfire:ice_dragon_flesh":15,"minecraft:baked_potato":1,"minecraft:damaged_anvil":1,"minecraft:black_wool":2,"minecraft:dark_oak_wood":2,"minecraft:coal":11,"minecraft:sunflower":1},"minecraft:custom":{"minecraft:interact_with_crafting_table":98,"minecraft:open_barrel":128,"minecraft:bell_ring":1,"minecraft:eat_cake_slice":11,"minecraft:leave_game":9,"minecraft:time_since_death":29239,"minecraft:sprint_one_cm":2086568,"minecraft:damage_blocked_by_shield":6675,"minecraft:drop":278,"minecraft:play_time":769257,"minecraft:deaths":131,"minecraft:jump":7458,"minecraft:interact_with_brewingstand":1,"minecraft:walk_on_water_one_cm":181854,"minecraft:enchant_item":15,"minecraft:interact_with_furnace":41,"minecraft:interact_with_loom":1,"minecraft:sleep_in_bed":10,"minecraft:waystone_activated":1,"minecraft:damage_dealt":87873,"minecraft:player_kills":1,"minecraft:crouch_one_cm":44539,"minecraft:interact_with_smoker":1,"minecraft:interact_with_anvil":11,"minecraft:mob_kills":356,"minecraft:damage_dealt_resisted":15,"minecraft:climb_one_cm":15960,"minecraft:walk_one_cm":1389480,"minecraft:damage_dealt_absorbed":21,"minecraft:sneak_time":16589,"minecraft:walk_under_water_one_cm":321379,"minecraft:boat_one_cm":435759,"minecraft:interact_with_blast_furnace":3,"minecraft:total_world_time":769257,"minecraft:tune_noteblock":2,"minecraft:interact_with_stonecutter":1,"minecraft:time_since_rest":26348,"minecraft:damage_taken":51713,"minecraft:damage_absorbed":163,"minecraft:trigger_trapped_chest":1,"minecraft:swim_one_cm":640031,"minecraft:fly_one_cm":1398648,"minecraft:open_chest":183,"minecraft:fish_caught":3,"minecraft:fall_one_cm":266862},"minecraft:crafted":{"minecraft:oak_planks":212,"minecraft:bookshelf":21,"minecraft:cooked_mutton":14,"iceandfire:tide_purple_helmet":1,"minecraft:glass":8,"minecraft:iron_boots":1,"minecraft:chest":1,"corail_recycler:recycler":1,"minecraft:glass_bottle":6,"minecraft:crafting_table":16,"minecraft:spruce_planks":324,"minecraft:wooden_pickaxe":1,"minecraft:iron_helmet":1,"minecraft:spruce_door":3,"iceandfire:armor_red_chestplate":1,"minecraft:birch_planks":28,"iceandfire:dragonbone_bow":1,"minecraft:iron_chestplate":1,"minecraft:diamond_pickaxe":1,"minecraft:shield":1,"sophisticatedbackpacks:diamond_backpack":1,"minecraft:stick":32,"minecraft:iron_ingot":93,"minecraft:iron_pickaxe":1,"minecraft:iron_block":12,"minecraft:gold_ingot":10,"iceandfire:dragon_horn":2,"minecraft:wooden_sword":1,"iceandfire:dragonbone_sword_fire":3,"iceandfire:dragon_stick":1,"minecraft:furnace":1,"corail_recycler:steel_disk":1,"iceandfire:dragon_flute":1,"ring_of_repair:ring_of_repair":3,"minecraft:flint_and_steel":1,"minecraft:ladder":6,"iceandfire:armor_red_leggings":1,"minecraft:stone_pickaxe":1,"minecraft:spruce_boat":1,"iceandfire:armor_red_boots":1,"sophisticatedbackpacks:iron_backpack":1,"minecraft:cooked_cod":4,"iceandfire:dragonbone_sword":1,"iceandfire:dragon_meal":64,"minecraft:enchanting_table":1,"minecraft:cooked_salmon":22,"sophisticatedbackpacks:gold_backpack":1,"minecraft:bucket":1,"minecraft:air":0,"iceandfire:armor_red_helmet":2,"minecraft:oak_boat":2,"minecraft:wooden_axe":3,"minecraft:anvil":4,"minecraft:white_bed":1},"minecraft:killed_by":{"mowziesmobs:naga":2,"minecraft:zombie_villager":1,"minecraft:creeper":3,"minecraft:pillager":1,"minecraft:magma_cube":1,"iceandfire:sea_serpent":2,"iceandfire:ice_dragon":15,"artifacts:mimic":1,"minecraft:zombie":9,"iceandfire:fire_dragon":33,"minecraft:husk":2,"minecraft:player":5,"minecraft:stray":3,"minecraft:spider":3,"mowziesmobs:ferrous_wroughtnaut":10,"minecraft:warden":3,"minecraft:skeleton":13,"iceandfire:ghost":3},"minecraft:broken":{"minecraft:iron_boots":1,"minecraft:iron_leggings":1,"iceandfire:armor_red_helmet":1,"minecraft:stone_axe":1,"minecraft:wooden_axe":2,"minecraft:chainmail_helmet":1,"minecraft:shield":1,"minecraft:leather_boots":1,"iceandfire:armor_red_chestplate":1}},"DataVersion":3465}