{"stats":{"minecraft:killed":{"minecraft:cave_spider":2,"minecraft:spider":12,"minecraft:cod":1,"minecraft:skeleton":53,"minecraft:chicken":24,"artifacts:mimic":6,"minecraft:magma_cube":20,"minecraft:salmon":6,"minecraft:iron_golem":2,"minecraft:creeper":2,"minecraft:sheep":51,"minecraft:pillager":5,"minecraft:zombie":58,"minecraft:donkey":1,"minecraft:stray":2,"minecraft:blaze":3,"iceandfire:sea_serpent":4,"minecraft:cow":14,"mowziesmobs:naga":2,"minecraft:vindicator":2,"mowziesmobs:ferrous_wroughtnaut":1,"iceandfire:fire_dragon":3,"iceandfire:siren":3,"minecraft:drowned":3,"minecraft:husk":1,"iceandfire:cyclops":1,"iceandfire:troll":1,"iceandfire:ghost":5,"iceandfire:ice_dragon":2,"minecraft:wither_skeleton":4},"minecraft:killed_by":{"mowziesmobs:naga":2,"minecraft:zombie_villager":1,"minecraft:creeper":3,"minecraft:pillager":1,"minecraft:magma_cube":1,"iceandfire:sea_serpent":1,"iceandfire:ice_dragon":15,"artifacts:mimic":1,"minecraft:zombie":9,"iceandfire:fire_dragon":29,"minecraft:husk":2,"minecraft:player":5,"minecraft:stray":3,"minecraft:spider":3,"mowziesmobs:ferrous_wroughtnaut":10,"minecraft:warden":3,"minecraft:skeleton":13,"iceandfire:ghost":3},"minecraft:mined":{"minecraft:white_bed":1,"minecraft:spruce_planks":8,"minecraft:obsidian":16,"minecraft:granite":49,"minecraft:grass_block":5,"minecraft:yellow_carpet":3,"iceandfire:lectern":1,"minecraft:spawner":25,"minecraft:tall_seagrass":5,"minecraft:magma_block":5,"minecraft:iron_ore":29,"minecraft:fire":20,"minecraft:anvil":1,"minecraft:deepslate_lapis_ore":5,"minecraft:pointed_dripstone":3,"iceandfire:gold_pile":3,"minecraft:iron_bars":18,"minecraft:tripwire":2,"minecraft:deepslate_redstone_ore":1,"minecraft:kelp_plant":5,"minecraft:powder_snow":51,"minecraft:clay":3,"iceandfire:dragon_ice_spikes":8,"minecraft:torch":4,"minecraft:blast_furnace":2,"minecraft:melon":2,"iceandfire:ghost_chest":2,"iceandfire:frozen_dirt":3,"minecraft:cobblestone":13,"minecraft:oak_planks":5,"minecraft:damaged_anvil":1,"minecraft:wall_torch":2,"minecraft:pink_petals":2,"minecraft:seagrass":1,"minecraft:cyan_wool":1,"minecraft:warped_nylium":1,"minecraft:birch_log":7,"minecraft:stone_brick_stairs":3,"minecraft:wither_rose":1,"minecraft:grass":36,"minecraft:oak_log":73,"minecraft:sand":11,"minecraft:dirt":7,"minecraft:netherrack":192,"minecraft:deepslate":219,"minecraft:oak_leaves":1,"alexscaves:spelunkery_table":1,"minecraft:diamond_ore":3,"minecraft:tuff":26,"minecraft:mossy_cobblestone":1,"minecraft:deepslate_diamond_ore":4,"iceandfire:frozen_cobblestone":1,"minecraft:glow_lichen":1,"minecraft:nether_bricks":15,"minecraft:spruce_leaves":11,"iceandfire:dragon_ice":23,"minecraft:moss_block":4,"minecraft:cartography_table":1,"minecraft:sandstone":24,"minecraft:large_fern":1,"minecraft:carrots":5,"minecraft:andesite":51,"minecraft:nether_brick_fence":1,"minecraft:mossy_stone_brick_stairs":2,"minecraft:bookshelf":36,"minecraft:potatoes":4,"minecraft:deepslate_iron_ore":34,"minecraft:vine":4,"minecraft:lantern":7,"minecraft:stone":624,"iceandfire:podium_spruce":2,"minecraft:basalt":1,"iceandfire:frozen_gravel":1,"minecraft:crafting_table":1,"minecraft:tall_grass":8,"minecraft:deepslate_coal_ore":2,"minecraft:deepslate_gold_ore":23,"minecraft:lapis_ore":5,"minecraft:diorite":44,"alexscaves:ping_pong_sponge":2,"minecraft:ice":25,"minecraft:spruce_log":122,"minecraft:dark_prismarine_slab":2,"minecraft:coal_ore":2,"minecraft:sunflower":6,"minecraft:gravel":17,"minecraft:cobweb":20,"minecraft:cracked_stone_bricks":2,"minecraft:stone_bricks":1,"minecraft:gold_ore":1,"minecraft:fern":2},"minecraft:picked_up":{"minecraft:iron_chestplate":1,"minecraft:nether_brick_fence":1,"minecraft:anvil":1,"minecraft:prismarine_shard":4,"minecraft:yellow_wool":3,"artifacts:bunny_hoppers":1,"iceandfire:dragonegg_white":1,"minecraft:wither_rose":1,"minecraft:stone_brick_stairs":4,"iceandfire:manuscript":7,"minecraft:string":43,"minecraft:dark_oak_trapdoor":1,"minecraft:cooked_salmon":1,"minecraft:iron_leggings":2,"minecraft:gold_nugget":86,"minecraft:cobbled_deepslate":112,"minecraft:spruce_planks":40,"minecraft:calcite":1,"minecraft:iron_pickaxe":1,"minecraft:melon_slice":7,"iceandfire:dragonscales_red":39,"minecraft:iron_boots":1,"minecraft:tipped_arrow":1,"minecraft:stick":15,"iceandfire:ghost_chest":2,"minecraft:oak_fence":1,"minecraft:torch":12,"minecraft:pointed_dripstone":3,"minecraft:diorite":41,"minecraft:honey_bottle":1,"minecraft:rotten_flesh":79,"minecraft:tropical_fish":2,"iceandfire:fire_dragon_heart":3,"minecraft:bookshelf":2,"minecraft:blaze_rod":3,"minecraft:snowball":19,"minecraft:obsidian":15,"minecraft:cod":3,"minecraft:iron_bars":18,"minecraft:cobblestone":535,"minecraft:birch_log":7,"minecraft:pink_petals":4,"minecraft:magma_block":4,"minecraft:feather":35,"minecraft:cooked_beef":24,"iceandfire:dragonscale_red":2,"minecraft:andesite":13,"iceandfire:armor_red_chestplate":1,"minecraft:chiseled_quartz_block":2,"minecraft:potato":16,"minecraft:flint":4,"minecraft:tuff":3,"minecraft:smooth_sandstone_stairs":1,"alexscaves:ping_pong_sponge":2,"iceandfire:dragonscales_bronze":12,"minecraft:lapis_lazuli":61,"alexscaves:lanternfish":1,"minecraft:dirt":37,"minecraft:lantern":7,"minecraft:leather_boots":2,"minecraft:bone":109,"minecraft:bow":1,"minecraft:wheat_seeds":11,"minecraft:raw_gold":30,"minecraft:moss_block":4,"minecraft:oak_planks":23,"minecraft:mossy_stone_brick_stairs":2,"minecraft:cooked_porkchop":3,"iceandfire:podium_spruce":2,"iceandfire:dragonscales_sapphire":48,"minecraft:warped_wart_block":1,"iceandfire:dragon_skull_fire":6,"iceandfire:shiny_scales":8,"minecraft:sand":14,"minecraft:jungle_slab":1,"iceandfire:frozen_dirt":3,"minecraft:mossy_cobblestone":1,"minecraft:iron_hoe":1,"minecraft:light_gray_concrete":2,"minecraft:dark_prismarine_slab":2,"minecraft:yellow_carpet":3,"minecraft:diamond":26,"iceandfire:lectern":1,"iceandfire:dragonbone_sword_fire":4,"iceandfire:dragon_ice":25,"minecraft:granite":28,"minecraft:bone_meal":2,"minecraft:golden_apple":1,"minecraft:emerald":6,"iceandfire:dragonbone_bow":1,"minecraft:chainmail_helmet":1,"minecraft:oak_sapling":3,"minecraft:netherrack":198,"iceandfire:silver_nugget":64,"minecraft:oak_leaves":1,"minecraft:crafting_table":1,"iceandfire:witherbone":2,"minecraft:chicken":41,"minecraft:clay_ball":12,"minecraft:rabbit_stew":1,"minecraft:cooked_rabbit":1,"minecraft:chain":3,"iceandfire:troll_weapon_column":1,"minecraft:shield":1,"iceandfire:dragonegg_silver":1,"minecraft:moss_carpet":4,"minecraft:iron_axe":1,"artifacts:power_glove":1,"artifacts:feral_claws":1,"minecraft:item_frame":1,"minecraft:iron_shovel":1,"minecraft:blue_orchid":3,"minecraft:cracked_stone_bricks":2,"iceandfire:graveyard_soil":2,"iceandfire:bestiary":1,"minecraft:cartography_table":1,"minecraft:beef":29,"minecraft:cyan_wool":1,"minecraft:poppy":3,"minecraft:light_gray_wool":1,"minecraft:chest":2,"minecraft:birch_sapling":3,"minecraft:spruce_trapdoor":1,"iceandfire:ice_dragon_heart":4,"minecraft:egg":5,"minecraft:raw_iron":87,"minecraft:sandstone":24,"iceandfire:dragonbone":136,"iceandfire:troll_tusk":1,"minecraft:bowl":1,"sophisticatedbackpacks:backpack":1,"minecraft:carrot":18,"minecraft:redstone":5,"minecraft:prismarine_crystals":3,"iceandfire:dragon_skull_ice":4,"minecraft:arrow":133,"iceandfire:sea_serpent_scales_purple":8,"minecraft:nether_bricks":15,"iceandfire:dragonscales_silver":13,"mowziesmobs:ice_crystal":1,"alexscaves:spelunkery_table":1,"minecraft:stripped_dark_oak_wood":1,"artifacts:running_shoes":1,"artifacts:cross_necklace":1,"minecraft:gold_ingot":2,"minecraft:mutton":94,"minecraft:skeleton_skull":1,"minecraft:white_wool":34,"minecraft:basalt":1,"iceandfire:sea_serpent_fang":14,"minecraft:salmon":5,"minecraft:leather":39,"iceandfire:troll_leather_mountain":3,"artifacts:onion_ring":1,"alexscaves:depth_glass":6,"minecraft:oak_log":85,"minecraft:chainmail_chestplate":4,"minecraft:lily_pad":2,"iceandfire:ectoplasm":6,"minecraft:gunpowder":5,"mowziesmobs:wrought_axe":1,"iceandfire:dragonscales_blue":170,"minecraft:cooked_mutton":1,"minecraft:smooth_sandstone":1,"minecraft:stone_bricks":5,"minecraft:kelp":25,"minecraft:iron_ingot":8,"minecraft:glass_bottle":2,"minecraft:iron_sword":2,"iceandfire:sea_serpent_scales_deepblue":1,"iceandfire:fire_dragon_flesh":2,"minecraft:oxidized_cut_copper":2,"minecraft:book":102,"iceandfire:dragon_horn":1,"iceandfire:sea_serpent_scales_green":4,"minecraft:dripstone_block":1,"minecraft:gravel":18,"mowziesmobs:wrought_helmet":1,"minecraft:spruce_sapling":16,"minecraft:blast_furnace":2,"minecraft:white_bed":1,"minecraft:spruce_log":106,"artifacts:scarf_of_invisibility":1,"minecraft:spider_eye":20,"minecraft:leather_helmet":1,"minecraft:chainmail_leggings":3,"minecraft:gray_wool":1,"iceandfire:ice_dragon_flesh":15,"minecraft:baked_potato":1,"minecraft:damaged_anvil":1,"minecraft:black_wool":2,"minecraft:dark_oak_wood":2,"minecraft:coal":11,"minecraft:sunflower":1},"minecraft:used":{"iceandfire:lectern":1,"minecraft:moss_carpet":1,"minecraft:iron_shovel":3,"minecraft:ladder":6,"minecraft:shield":141,"minecraft:iron_sword":19,"minecraft:iron_chestplate":2,"minecraft:nether_bricks":15,"minecraft:carrot":56,"minecraft:tuff":1,"alexscaves:ping_pong_sponge":2,"minecraft:cyan_wool":1,"minecraft:snowball":8,"iceandfire:armor_red_boots":1,"minecraft:obsidian":11,"minecraft:spruce_boat":1,"minecraft:glass":2,"minecraft:lantern":6,"minecraft:stone_bricks":2,"minecraft:rabbit_stew":1,"minecraft:magma_block":3,"minecraft:furnace":1,"minecraft:cooked_cod":4,"minecraft:egg":12,"minecraft:potato":69,"iceandfire:armor_red_helmet":1,"minecraft:damaged_anvil":1,"minecraft:spruce_door":3,"minecraft:stone_pickaxe":109,"minecraft:oak_planks":52,"minecraft:wooden_pickaxe":9,"iceandfire:armor_red_chestplate":4,"minecraft:chainmail_helmet":3,"minecraft:golden_apple":5,"minecraft:white_wool":11,"iceandfire:podium_spruce":1,"minecraft:sand":1,"alexscaves:cave_book":2,"minecraft:blast_furnace":1,"minecraft:crossbow":57,"minecraft:melon_slice":8,"minecraft:string":1,"minecraft:bread":8,"iceandfire:ice_dragon_flesh":13,"minecraft:golden_helmet":3,"minecraft:diamond_sword":62,"minecraft:wooden_sword":40,"iceandfire:dragon_skull_fire":2,"alexscaves:lanternfish":1,"minecraft:cooked_rabbit":1,"minecraft:oak_boat":2,"minecraft:experience_bottle":1,"minecraft:enchanting_table":1,"minecraft:flint_and_steel":4,"minecraft:spruce_planks":38,"minecraft:cooked_salmon":18,"minecraft:netherrack":154,"minecraft:torch":32,"minecraft:anvil":2,"minecraft:dirt":5,"alexscaves:cooked_tripodfish":1,"minecraft:yellow_carpet":3,"minecraft:iron_hoe":1,"minecraft:wooden_axe":122,"minecraft:bookshelf":21,"minecraft:iron_axe":223,"minecraft:smooth_sandstone":1,"iceandfire:dragon_ice":9,"iceandfire:armor_red_leggings":1,"minecraft:light_gray_wool":1,"minecraft:beef":3,"minecraft:cooked_beef":14,"minecraft:cobbled_deepslate":62,"minecraft:cooked_mutton":8,"minecraft:water_bucket":11,"iceandfire:fire_dragon_flesh":2,"minecraft:baked_potato":2,"iceandfire:tide_purple_helmet":1,"minecraft:cracked_stone_bricks":2,"minecraft:salmon":1,"minecraft:dark_prismarine_slab":2,"minecraft:crafting_table":17,"corail_recycler:recycler":1,"iceandfire:dragonegg_white":1,"minecraft:white_bed":2,"minecraft:cod":2,"minecraft:cake":1,"alexscaves:cooked_radgill":1,"mowziesmobs:wrought_axe":41,"minecraft:oak_log":1,"minecraft:black_wool":2,"minecraft:diamond_pickaxe":1233,"minecraft:apple":7,"iceandfire:dragonbone_sword_fire":756,"iceandfire:dragonbone_bow":18,"minecraft:iron_pickaxe":210,"iceandfire:dragon_horn":19,"minecraft:spruce_sapling":1,"minecraft:stone_axe":179,"minecraft:fishing_rod":12,"minecraft:cobblestone":33,"minecraft:potion":1,"minecraft:cooked_porkchop":3,"minecraft:bucket":9},"minecraft:dropped":{"sophisticatedbackpacks:iron_backpack":1,"alexscaves:depth_glass":6,"minecraft:oak_log":20,"minecraft:glass_bottle":4,"minecraft:diamond":2,"minecraft:cod":1,"minecraft:dirt":19,"minecraft:dark_oak_wood":2,"minecraft:stripped_dark_oak_wood":1,"minecraft:snowball":7,"minecraft:chain":3,"minecraft:bone_meal":1,"minecraft:white_wool":19,"minecraft:bone":1,"minecraft:gravel":2,"minecraft:stone_axe":1,"minecraft:smooth_sandstone_stairs":1,"minecraft:birch_sapling":1,"minecraft:rotten_flesh":36,"minecraft:oak_planks":14,"minecraft:chainmail_chestplate":2,"minecraft:poppy":1,"minecraft:gunpowder":1,"iceandfire:dragonscale_red":2,"minecraft:chest":2,"minecraft:basalt":1,"minecraft:arrow":24,"minecraft:warped_wart_block":1,"minecraft:stone_brick_stairs":2,"minecraft:oak_leaves":1,"minecraft:netherrack":2,"minecraft:iron_ingot":14,"minecraft:wheat_seeds":3,"minecraft:mossy_cobblestone":1,"minecraft:oxidized_cut_copper":2,"minecraft:cobblestone":32,"minecraft:book":15,"minecraft:granite":3,"iceandfire:sea_serpent_scales_green":4,"minecraft:stick":3,"minecraft:jungle_slab":1,"minecraft:gray_wool":1,"minecraft:diorite":41,"minecraft:torch":1,"minecraft:cooked_salmon":5,"minecraft:string":5,"minecraft:pink_petals":4,"minecraft:lily_pad":1,"iceandfire:dragon_skull_fire":1,"minecraft:spruce_sapling":2,"minecraft:redstone":5,"iceandfire:dragonbone":6,"iceandfire:silver_nugget":4,"minecraft:bowl":1,"iceandfire:dragonegg_silver":1,"minecraft:chicken":2,"iceandfire:dragon_ice":2,"minecraft:shield":1,"minecraft:spruce_trapdoor":1,"minecraft:spruce_planks":20,"minecraft:andesite":13,"minecraft:oak_sapling":3,"iceandfire:dragonbone_bow":1,"minecraft:stone_bricks":2,"minecraft:spider_eye":8,"minecraft:spruce_log":25,"minecraft:blue_orchid":3,"iceandfire:fire_dragon_heart":1,"minecraft:wooden_pickaxe":1,"minecraft:calcite":1},"minecraft:crafted":{"minecraft:oak_planks":212,"minecraft:bookshelf":21,"minecraft:cooked_mutton":8,"iceandfire:tide_purple_helmet":1,"minecraft:glass":8,"minecraft:iron_boots":1,"minecraft:chest":1,"corail_recycler:recycler":1,"minecraft:glass_bottle":6,"minecraft:crafting_table":16,"minecraft:spruce_planks":324,"minecraft:wooden_pickaxe":1,"minecraft:iron_helmet":1,"minecraft:spruce_door":3,"iceandfire:armor_red_chestplate":1,"minecraft:birch_planks":28,"iceandfire:dragonbone_bow":1,"minecraft:iron_chestplate":1,"minecraft:diamond_pickaxe":1,"minecraft:shield":1,"sophisticatedbackpacks:diamond_backpack":1,"minecraft:stick":32,"minecraft:iron_ingot":93,"minecraft:iron_pickaxe":1,"minecraft:iron_block":12,"minecraft:gold_ingot":10,"iceandfire:dragon_horn":1,"minecraft:wooden_sword":1,"iceandfire:dragonbone_sword_fire":3,"iceandfire:dragon_stick":1,"minecraft:furnace":1,"corail_recycler:steel_disk":1,"iceandfire:dragon_flute":1,"ring_of_repair:ring_of_repair":3,"minecraft:flint_and_steel":1,"minecraft:ladder":6,"iceandfire:armor_red_leggings":1,"minecraft:stone_pickaxe":1,"minecraft:spruce_boat":1,"iceandfire:armor_red_boots":1,"sophisticatedbackpacks:iron_backpack":1,"minecraft:cooked_cod":4,"iceandfire:dragonbone_sword":1,"iceandfire:dragon_meal":64,"minecraft:enchanting_table":1,"minecraft:cooked_salmon":22,"sophisticatedbackpacks:gold_backpack":1,"minecraft:bucket":1,"minecraft:air":0,"iceandfire:armor_red_helmet":1,"minecraft:oak_boat":2,"minecraft:wooden_axe":3,"minecraft:anvil":4,"minecraft:white_bed":1},"minecraft:custom":{"minecraft:interact_with_crafting_table":93,"minecraft:open_barrel":118,"minecraft:bell_ring":1,"minecraft:eat_cake_slice":11,"minecraft:leave_game":8,"minecraft:time_since_death":15022,"minecraft:sprint_one_cm":2015119,"minecraft:damage_blocked_by_shield":6675,"minecraft:drop":192,"minecraft:play_time":711022,"minecraft:deaths":125,"minecraft:jump":7072,"minecraft:interact_with_brewingstand":1,"minecraft:walk_on_water_one_cm":146536,"minecraft:enchant_item":8,"minecraft:interact_with_furnace":39,"minecraft:interact_with_loom":1,"minecraft:sleep_in_bed":9,"minecraft:waystone_activated":1,"minecraft:damage_dealt":79383,"minecraft:player_kills":1,"minecraft:crouch_one_cm":43479,"minecraft:interact_with_smoker":1,"minecraft:interact_with_anvil":11,"minecraft:mob_kills":335,"minecraft:damage_dealt_resisted":15,"minecraft:climb_one_cm":12500,"minecraft:walk_one_cm":1308776,"minecraft:damage_dealt_absorbed":21,"minecraft:sneak_time":15808,"minecraft:walk_under_water_one_cm":304247,"minecraft:boat_one_cm":435759,"minecraft:interact_with_blast_furnace":3,"minecraft:total_world_time":711022,"minecraft:tune_noteblock":2,"minecraft:interact_with_stonecutter":1,"minecraft:time_since_rest":15048,"minecraft:damage_taken":48218,"minecraft:damage_absorbed":163,"minecraft:trigger_trapped_chest":1,"minecraft:swim_one_cm":621479,"minecraft:fly_one_cm":1328562,"minecraft:open_chest":169,"minecraft:fish_caught":3,"minecraft:fall_one_cm":252331},"minecraft:broken":{"minecraft:iron_boots":1,"minecraft:iron_leggings":1,"iceandfire:armor_red_helmet":1,"minecraft:stone_axe":1,"minecraft:wooden_axe":2,"minecraft:chainmail_helmet":1,"minecraft:shield":1,"minecraft:leather_boots":1,"iceandfire:armor_red_chestplate":1}},"DataVersion":3465}