{"stats":{"minecraft:dropped":{"minecraft:leather_chestplate":1,"minecraft:melon_slice":10},"minecraft:picked_up":{"minecraft:leather_chestplate":1,"minecraft:cocoa_beans":6,"minecraft:stick":2,"iceandfire:dragonbone":10,"minecraft:sweet_berries":13,"minecraft:jungle_log":8,"minecraft:oak_log":36,"minecraft:dirt":3,"minecraft:arrow":1,"minecraft:cyan_carpet":1,"iceandfire:dragon_skull_ice":1,"minecraft:bone":4,"minecraft:polished_andesite":3,"minecraft:cracked_stone_bricks":1,"minecraft:light_blue_carpet":2,"minecraft:oak_sapling":1,"minecraft:melon_slice":54,"minecraft:obsidian":1,"minecraft:oak_planks":1,"minecraft:iron_bars":5,"minecraft:cobblestone":13},"minecraft:killed":{"minecraft:skeleton":2,"minecraft:zombie":2,"minecraft:creeper":1},"minecraft:mined":{"minecraft:sweet_berry_bush":8,"minecraft:jungle_leaves":1,"minecraft:light_blue_carpet":2,"minecraft:grass":5,"biomesoplenty:bush":2,"minecraft:grass_block":2,"minecraft:oak_log":17,"minecraft:melon":6,"minecraft:cocoa":1,"minecraft:jungle_log":4,"minecraft:iron_bars":5,"minecraft:cyan_carpet":1,"minecraft:dirt":1,"minecraft:cracked_stone_bricks":1,"minecraft:cobblestone":11,"minecraft:stone":4,"minecraft:polished_andesite":3,"minecraft:oak_planks":1,"minecraft:oak_leaves":6,"minecraft:fern":4,"minecraft:spawner":4},"minecraft:killed_by":{"minecraft:skeleton":2,"minecraft:zombie":2},"minecraft:crafted":{"minecraft:oak_planks":72,"minecraft:stick":8,"minecraft:wooden_pickaxe":2,"minecraft:stone_sword":2},"minecraft:used":{"minecraft:stone_sword":33,"minecraft:melon_slice":21,"minecraft:polished_andesite":3,"minecraft:oak_planks":15,"minecraft:wooden_pickaxe":28,"minecraft:cobblestone":6,"minecraft:dirt":3,"minecraft:sweet_berries":12,"minecraft:oak_sapling":1,"minecraft:egg":2},"minecraft:custom":{"minecraft:time_since_rest":662,"minecraft:sprint_one_cm":155254,"minecraft:damage_taken":1188,"minecraft:walk_one_cm":97738,"minecraft:mob_kills":6,"minecraft:drop":11,"minecraft:damage_dealt":1045,"minecraft:swim_one_cm":4883,"minecraft:interact_with_crafting_table":4,"minecraft:fly_one_cm":153892,"minecraft:open_chest":21,"minecraft:crouch_one_cm":1421,"minecraft:play_time":42974,"minecraft:sneak_time":856,"minecraft:deaths":4,"minecraft:walk_under_water_one_cm":1161,"minecraft:jump":719,"minecraft:leave_game":5,"minecraft:time_since_death":634,"minecraft:walk_on_water_one_cm":5019,"minecraft:sleep_in_bed":1,"minecraft:total_world_time":42974,"minecraft:climb_one_cm":4770,"minecraft:fall_one_cm":16760}},"DataVersion":3465}