{"stats":{"minecraft:crafted":{"minecraft:oak_planks":72,"minecraft:jungle_fence_gate":1,"minecraft:wooden_pickaxe":2,"minecraft:stick":8,"minecraft:stone_sword":2,"minecraft:oak_fence":3},"minecraft:mined":{"minecraft:jungle_leaves":1,"minecraft:light_blue_carpet":3,"minecraft:torch":1,"biomesoplenty:bush":10,"minecraft:grass_block":2,"minecraft:melon":6,"minecraft:jungle_log":4,"minecraft:cobblestone":18,"minecraft:oak_planks":1,"minecraft:wall_torch":1,"minecraft:spawner":8,"minecraft:sweet_berry_bush":22,"minecraft:grass":5,"minecraft:oak_log":17,"minecraft:cocoa":1,"minecraft:iron_bars":14,"minecraft:cyan_carpet":1,"minecraft:dirt":1,"minecraft:cracked_stone_bricks":1,"minecraft:stone":46,"minecraft:polished_andesite":8,"biomesoplenty:reed":1,"minecraft:oak_leaves":6,"minecraft:fern":12},"minecraft:killed":{"minecraft:spider":1,"minecraft:creeper":1,"minecraft:skeleton":4,"mowziesmobs:ferrous_wroughtnaut":1,"minecraft:zombie":3,"minecraft:enderman":1},"minecraft:used":{"minecraft:oak_fence":2,"minecraft:cow_spawn_egg":1,"minecraft:iron_bars":8,"minecraft:stone_sword":56,"minecraft:stone_pickaxe":17,"minecraft:polished_andesite":8,"minecraft:oak_planks":15,"minecraft:wooden_pickaxe":78,"minecraft:shield":77,"minecraft:torch":11,"minecraft:dirt":3,"mowziesmobs:wrought_axe":32,"minecraft:apple":3,"minecraft:jungle_fence_gate":1,"minecraft:grass_block":1,"minecraft:melon_slice":22,"minecraft:cobblestone":41,"minecraft:sweet_berries":24,"minecraft:oak_sapling":1,"minecraft:egg":7,"minecraft:cooked_beef":5},"minecraft:dropped":{"minecraft:leather_chestplate":1,"minecraft:melon_slice":10,"mowziesmobs:wrought_helmet":1},"minecraft:killed_by":{"mowziesmobs:ferrous_wroughtnaut":9,"iceandfire:gorgon":1,"minecraft:skeleton":3,"minecraft:stray":1,"minecraft:zombie":2,"minecraft:enderman":1,"iceandfire:stymphalian_bird":1},"minecraft:broken":{"minecraft:leather_helmet":1,"minecraft:leather_boots":1,"minecraft:iron_leggings":1,"minecraft:chainmail_helmet":1,"minecraft:golden_chestplate":1,"minecraft:golden_leggings":1},"minecraft:custom":{"minecraft:mob_kills":12,"minecraft:interact_with_crafting_table":5,"minecraft:leave_game":7,"minecraft:time_since_death":348,"minecraft:sleep_in_bed":1,"minecraft:climb_one_cm":5222,"minecraft:time_since_rest":374,"minecraft:sprint_one_cm":518348,"minecraft:damage_taken":2147483647,"minecraft:walk_one_cm":282673,"minecraft:damage_blocked_by_shield":435,"minecraft:drop":12,"minecraft:damage_dealt":3473,"minecraft:swim_one_cm":35330,"minecraft:fly_one_cm":515535,"minecraft:player_kills":1,"minecraft:open_chest":49,"minecraft:crouch_one_cm":3844,"minecraft:play_time":123799,"minecraft:deaths":18,"minecraft:sneak_time":2442,"minecraft:walk_under_water_one_cm":12804,"minecraft:jump":1284,"minecraft:walk_on_water_one_cm":51950,"minecraft:total_world_time":123799,"minecraft:fall_one_cm":26812},"minecraft:picked_up":{"minecraft:cocoa_beans":6,"minecraft:leather_chestplate":1,"minecraft:jungle_log":8,"minecraft:oak_log":36,"mowziesmobs:wrought_axe":1,"minecraft:string":1,"minecraft:dirt":3,"minecraft:iron_leggings":1,"minecraft:bone":6,"minecraft:cyan_carpet":1,"minecraft:cracked_stone_bricks":1,"minecraft:melon_slice":54,"minecraft:oak_planks":1,"minecraft:egg":1,"minecraft:stick":2,"iceandfire:dragonbone":10,"minecraft:sweet_berries":46,"minecraft:torch":5,"mowziesmobs:wrought_helmet":1,"minecraft:grass_block":1,"iceandfire:dragon_skull_ice":1,"minecraft:polished_andesite":8,"minecraft:arrow":1,"minecraft:slime_ball":4,"minecraft:light_blue_carpet":3,"minecraft:oak_sapling":1,"minecraft:obsidian":1,"minecraft:iron_bars":14,"minecraft:cobblestone":62}},"DataVersion":3465}