{"stats":{"minecraft:killed_by":{"minecraft:skeleton":1,"minecraft:creeper":1,"minecraft:zombie":1,"iceandfire:fire_dragon":1},"minecraft:mined":{"minecraft:large_fern":3,"minecraft:coarse_dirt":2,"minecraft:brown_mushroom":1,"minecraft:spruce_log":37,"minecraft:crafting_table":1,"minecraft:grass":2,"minecraft:dirt":2,"minecraft:fern":4},"minecraft:broken":{"minecraft:wooden_axe":1},"minecraft:dropped":{"minecraft:wheat_seeds":1,"minecraft:gunpowder":1,"minecraft:spruce_planks":4},"minecraft:crafted":{"minecraft:crafting_table":1,"minecraft:stick":4,"minecraft:spruce_planks":12,"minecraft:wooden_axe":1},"minecraft:killed":{"minecraft:zombie":1,"minecraft:villager":1},"minecraft:used":{"minecraft:wooden_axe":54,"minecraft:iron_helmet":1,"minecraft:dirt":1,"minecraft:crafting_table":1,"minecraft:coarse_dirt":4},"minecraft:custom":{"minecraft:time_since_rest":1332,"minecraft:sprint_one_cm":52656,"minecraft:damage_taken":1482,"minecraft:walk_one_cm":27766,"minecraft:mob_kills":2,"minecraft:drop":3,"minecraft:damage_dealt":414,"minecraft:swim_one_cm":3306,"minecraft:interact_with_crafting_table":2,"minecraft:fly_one_cm":97719,"minecraft:open_barrel":2,"minecraft:open_chest":6,"minecraft:crouch_one_cm":323,"minecraft:play_time":15780,"minecraft:deaths":5,"minecraft:sneak_time":87,"minecraft:walk_under_water_one_cm":851,"minecraft:jump":400,"minecraft:leave_game":1,"minecraft:walk_on_water_one_cm":1511,"minecraft:time_since_death":1301,"minecraft:total_world_time":15780,"minecraft:fall_one_cm":13669},"minecraft:picked_up":{"minecraft:crafting_table":1,"minecraft:stick":2,"minecraft:coarse_dirt":16,"minecraft:brown_mushroom":1,"minecraft:spruce_sapling":5,"minecraft:spruce_log":37,"minecraft:gunpowder":1,"minecraft:dirt":9,"minecraft:rotten_flesh":1,"minecraft:wheat_seeds":1,"minecraft:spruce_planks":4}},"DataVersion":3465}