{"stats":{"minecraft:killed":{"minecraft:cave_spider":8,"minecraft:spider":27,"minecraft:skeleton":72,"minecraft:chicken":1,"minecraft:silverfish":1,"artifacts:mimic":5,"minecraft:pig":91,"minecraft:zombie_villager":1,"minecraft:salmon":1,"minecraft:iron_golem":2,"minecraft:creeper":3,"minecraft:sheep":7,"minecraft:pillager":7,"minecraft:zombie":55,"minecraft:stray":14,"iceandfire:sea_serpent":2,"minecraft:blaze":4,"minecraft:cow":61,"minecraft:vindicator":2,"alexscaves:lanternfish":1,"mowziesmobs:ferrous_wroughtnaut":1,"iceandfire:fire_dragon":4,"iceandfire:siren":1,"minecraft:drowned":2,"minecraft:warden":1,"minecraft:husk":10,"minecraft:rabbit":1,"minecraft:bat":1,"minecraft:squid":1,"iceandfire:ghost":1,"iceandfire:ice_dragon":1,"minecraft:wither_skeleton":9},"minecraft:killed_by":{"minecraft:creeper":2,"alexscaves:hullbreaker":3,"iceandfire:sea_serpent":2,"iceandfire:ice_dragon":4,"artifacts:mimic":5,"minecraft:zombie":6,"iceandfire:fire_dragon":29,"minecraft:husk":4,"minecraft:player":1,"minecraft:stray":2,"mowziesmobs:ferrous_wroughtnaut":9,"minecraft:skeleton":6},"minecraft:mined":{"minecraft:spruce_planks":4,"minecraft:white_bed":1,"minecraft:mossy_stone_brick_slab":4,"minecraft:red_nether_bricks":3,"minecraft:granite":51,"minecraft:stone_brick_wall":1,"minecraft:grass_block":6,"minecraft:coal_block":2,"minecraft:oxeye_daisy":1,"minecraft:spawner":86,"minecraft:mossy_cobblestone_slab":2,"minecraft:dark_oak_trapdoor":1,"minecraft:iron_ore":74,"minecraft:fire":11,"minecraft:cobbled_deepslate":12,"minecraft:moss_carpet":1,"minecraft:black_carpet":7,"minecraft:anvil":12,"minecraft:deepslate_lapis_ore":4,"minecraft:stripped_dark_oak_wood":2,"minecraft:nether_brick_stairs":1,"minecraft:enchanting_table":1,"minecraft:iron_bars":29,"alexscaves:rusty_scrap_metal_plate":4,"minecraft:deepslate_redstone_ore":19,"minecraft:quartz_block":6,"minecraft:red_bed":1,"minecraft:kelp_plant":3,"iceandfire:dragon_ice_spikes":4,"minecraft:blast_furnace":3,"minecraft:calcite":2,"minecraft:oxidized_copper":2,"iceandfire:ghost_chest":1,"minecraft:nether_brick_slab":1,"minecraft:cobblestone":7,"minecraft:damaged_anvil":1,"minecraft:cyan_bed":1,"minecraft:oak_planks":2,"minecraft:chain":8,"sophisticatedbackpacks:diamond_backpack":3,"minecraft:birch_log":17,"minecraft:magenta_bed":2,"minecraft:grass":29,"minecraft:dirt":14,"minecraft:sand":17,"minecraft:tripwire_hook":2,"minecraft:netherrack":3,"minecraft:deepslate":451,"minecraft:oak_leaves":6,"minecraft:redstone_lamp":2,"minecraft:diamond_ore":2,"minecraft:tuff":62,"minecraft:red_carpet":1,"minecraft:mossy_cobblestone":4,"minecraft:deepslate_diamond_ore":59,"minecraft:dark_oak_log":982,"iceandfire:frozen_cobblestone":11,"minecraft:nether_bricks":11,"iceandfire:frozen_stone":12,"minecraft:weathered_copper":3,"minecraft:spruce_leaves":17,"minecraft:moss_block":1,"minecraft:kelp":1,"minecraft:hay_block":5,"minecraft:black_stained_glass_pane":2,"minecraft:oxidized_cut_copper":12,"minecraft:redstone_ore":4,"minecraft:furnace":8,"minecraft:black_glazed_terracotta":3,"minecraft:andesite":83,"minecraft:gold_block":1,"minecraft:mossy_stone_brick_stairs":1,"minecraft:bookshelf":39,"minecraft:deepslate_iron_ore":43,"minecraft:vine":8,"minecraft:stone":620,"sophisticatedbackpacks:backpack":1,"minecraft:podzol":1,"minecraft:red_wool":3,"minecraft:stone_brick_slab":1,"minecraft:dandelion":1,"minecraft:oak_fence":2,"corail_recycler:recycler":7,"minecraft:crafting_table":31,"minecraft:emerald_ore":2,"minecraft:rose_bush":1,"minecraft:tall_grass":8,"minecraft:diorite":74,"minecraft:spruce_stairs":2,"minecraft:purple_wool":1,"minecraft:lime_bed":4,"alexscaves:depth_glass":23,"minecraft:sweet_berry_bush":1,"minecraft:ice":45,"minecraft:spruce_log":16,"minecraft:weathered_cut_copper":6,"minecraft:dark_prismarine_slab":2,"minecraft:black_wool":3,"minecraft:coal_ore":121,"minecraft:gravel":17,"minecraft:dripstone_block":2,"minecraft:cobweb":2,"minecraft:cracked_stone_bricks":11,"minecraft:polished_andesite":2,"minecraft:stone_bricks":6,"minecraft:mossy_stone_bricks":5,"minecraft:chipped_anvil":1},"minecraft:picked_up":{"minecraft:iron_chestplate":6,"minecraft:black_carpet":7,"minecraft:chainmail_boots":2,"minecraft:anvil":12,"minecraft:prismarine_shard":3,"minecraft:oak_stairs":11,"minecraft:string":35,"minecraft:dark_oak_trapdoor":1,"minecraft:red_nether_bricks":3,"minecraft:iron_leggings":3,"iceandfire:sea_serpent_scales_bronze":14,"minecraft:gold_nugget":112,"minecraft:cobbled_deepslate":488,"minecraft:black_glazed_terracotta":3,"minecraft:spruce_planks":54,"minecraft:rose_bush":1,"minecraft:calcite":2,"minecraft:wooden_shovel":1,"minecraft:coal_block":2,"iceandfire:dragonscales_red":37,"minecraft:iron_boots":5,"minecraft:furnace":8,"minecraft:tipped_arrow":4,"alexscaves:diving_helmet":1,"minecraft:golden_helmet":1,"minecraft:stick":37,"iceandfire:ghost_chest":2,"minecraft:oak_fence":2,"minecraft:torch":9,"minecraft:spruce_stairs":2,"minecraft:porkchop":181,"minecraft:pointed_dripstone":1,"minecraft:diorite":82,"minecraft:golden_chestplate":3,"minecraft:quartz_block":1,"minecraft:rotten_flesh":67,"minecraft:tropical_fish":2,"iceandfire:fire_dragon_heart":6,"minecraft:blaze_rod":1,"minecraft:snowball":16,"minecraft:iron_bars":28,"minecraft:cobblestone":521,"minecraft:birch_log":17,"minecraft:enchanting_table":1,"minecraft:lilac":1,"minecraft:mossy_cobblestone_slab":2,"minecraft:leather_chestplate":4,"minecraft:cooked_beef":23,"minecraft:feather":1,"minecraft:oxidized_copper":1,"minecraft:andesite":83,"minecraft:golden_leggings":5,"minecraft:flint":3,"minecraft:tuff":80,"minecraft:smooth_sandstone_stairs":1,"minecraft:magenta_bed":2,"minecraft:lapis_lazuli":36,"minecraft:lantern":1,"minecraft:dirt":47,"iceandfire:dragonscales_bronze":23,"minecraft:weathered_cut_copper":3,"minecraft:leather_boots":5,"minecraft:bone":97,"minecraft:chipped_anvil":1,"minecraft:bow":5,"minecraft:wheat_seeds":21,"minecraft:mossy_stone_bricks":3,"minecraft:rabbit":1,"minecraft:moss_block":1,"minecraft:oak_planks":22,"minecraft:mossy_stone_brick_stairs":1,"alexscaves:rusty_scrap_metal_plate":3,"minecraft:cooked_porkchop":21,"minecraft:music_disc_13":1,"iceandfire:dragonscales_sapphire":23,"minecraft:jungle_planks":6,"iceandfire:dragon_skull_fire":7,"iceandfire:shiny_scales":9,"minecraft:sand":17,"minecraft:nether_brick_stairs":1,"minecraft:ink_sac":3,"minecraft:jungle_slab":1,"minecraft:cyan_bed":1,"minecraft:dark_oak_log":530,"minecraft:mossy_cobblestone":4,"minecraft:polished_andesite":2,"minecraft:dark_prismarine_slab":2,"minecraft:yellow_carpet":2,"minecraft:diamond":85,"iceandfire:dragonbone_sword_fire":2,"artifacts:crystal_heart":1,"waystones:waystone":2,"iceandfire:dragon_ice":3,"minecraft:granite":81,"minecraft:chainmail_helmet":1,"minecraft:emerald":4,"iceandfire:silver_nugget":26,"minecraft:oak_sapling":1,"minecraft:netherrack":2,"corail_recycler:recycler":7,"minecraft:crafting_table":30,"minecraft:chicken":1,"minecraft:azure_bluet":4,"minecraft:purple_wool":1,"artifacts:night_vision_goggles":1,"iceandfire:witherbone":5,"minecraft:ladder":11,"minecraft:redstone_lamp":2,"minecraft:leather_leggings":1,"minecraft:stone_brick_wall":1,"minecraft:gold_block":1,"iceandfire:frozen_cobblestone":22,"minecraft:chain":5,"minecraft:brick":10,"minecraft:shield":2,"iceandfire:frozen_stone":11,"minecraft:cornflower":5,"iceandfire:dragonegg_silver":1,"minecraft:moss_carpet":3,"minecraft:iron_shovel":4,"minecraft:cracked_stone_bricks":7,"corail_recycler:steel_disk":5,"minecraft:beef":120,"minecraft:iron_nugget":7,"minecraft:poppy":3,"iceandfire:ice_dragon_heart":3,"minecraft:dark_oak_sapling":28,"minecraft:raw_iron":175,"iceandfire:dragonbone":106,"iceandfire:dragonscales_green":33,"minecraft:oak_door":2,"iceandfire:chared_grass":9,"sophisticatedbackpacks:backpack":1,"artifacts:vampiric_glove":2,"minecraft:carrot":1,"minecraft:redstone":122,"minecraft:prismarine_crystals":2,"minecraft:dark_oak_planks":1,"iceandfire:dragon_skull_ice":3,"minecraft:arrow":80,"iceandfire:sea_serpent_scales_purple":6,"minecraft:diamond_chestplate":1,"minecraft:nether_bricks":10,"iceandfire:dragonscales_silver":80,"minecraft:diamond_boots":3,"minecraft:hay_block":5,"minecraft:stripped_dark_oak_wood":3,"minecraft:gold_ingot":2,"artifacts:pocket_piston":1,"minecraft:mutton":13,"minecraft:white_wool":7,"minecraft:lime_bed":4,"minecraft:air":0,"iceandfire:sea_serpent_fang":16,"minecraft:tripwire_hook":2,"minecraft:leather":69,"alexscaves:depth_glass":12,"minecraft:golden_boots":2,"minecraft:gunpowder":18,"minecraft:cobblestone_stairs":1,"mowziesmobs:wrought_axe":2,"minecraft:smooth_sandstone":1,"minecraft:red_carpet":2,"minecraft:apple":5,"minecraft:stone_bricks":8,"minecraft:kelp":11,"minecraft:rabbit_hide":1,"minecraft:iron_ingot":33,"artifacts:whoopee_cushion":1,"minecraft:stripped_oak_wood":2,"minecraft:glass_bottle":1,"iceandfire:fire_dragon_flesh":24,"minecraft:oxidized_cut_copper":8,"sophisticatedbackpacks:diamond_backpack":3,"minecraft:book":270,"minecraft:sweet_berries":2,"iceandfire:sea_serpent_scales_green":4,"minecraft:chiseled_stone_bricks":1,"minecraft:stone_brick_slab":1,"minecraft:red_wool":3,"iceandfire:ash":1,"minecraft:dandelion":12,"minecraft:dripstone_block":1,"minecraft:gravel":23,"mowziesmobs:wrought_helmet":1,"minecraft:spruce_sapling":9,"minecraft:blast_furnace":3,"minecraft:white_bed":1,"minecraft:spruce_log":37,"minecraft:nether_brick_slab":1,"minecraft:mossy_stone_brick_slab":4,"minecraft:spider_eye":13,"minecraft:chainmail_leggings":3,"minecraft:iron_helmet":3,"minecraft:gray_wool":1,"iceandfire:ice_dragon_flesh":11,"minecraft:damaged_anvil":1,"minecraft:black_wool":2,"minecraft:dark_oak_wood":2,"minecraft:coal":263},"minecraft:used":{"minecraft:iron_shovel":33,"minecraft:shield":145,"minecraft:iron_sword":215,"minecraft:tuff":14,"minecraft:axolotl_bucket":1,"sophisticatedbackpacks:diamond_backpack":3,"minecraft:lava_bucket":1,"minecraft:stone_bricks":69,"minecraft:golden_sword":32,"minecraft:furnace":5,"minecraft:diorite":1,"minecraft:damaged_anvil":1,"minecraft:spruce_door":1,"minecraft:stone_pickaxe":18,"minecraft:wooden_pickaxe":17,"minecraft:leather_chestplate":1,"minecraft:diamond_axe":1094,"minecraft:golden_apple":9,"waystones:waystone":1,"sophisticatedbackpacks:backpack":1,"minecraft:dark_oak_log":23,"minecraft:bread":10,"minecraft:cyan_bed":1,"alexscaves:tripodfish":1,"minecraft:diamond_sword":154,"alexscaves:lanternfish":1,"iceandfire:dragonegg_silver":1,"minecraft:iron_bars":6,"minecraft:spruce_planks":127,"minecraft:oak_door":1,"minecraft:dirt":2,"minecraft:anvil":12,"minecraft:spruce_stairs":1,"minecraft:iron_axe":31,"minecraft:cooked_beef":109,"minecraft:cobbled_deepslate":195,"minecraft:water_bucket":95,"minecraft:dark_prismarine_slab":1,"minecraft:lime_bed":4,"minecraft:crafting_table":31,"minecraft:magenta_bed":2,"corail_recycler:recycler":7,"minecraft:white_bed":2,"alexscaves:cooked_radgill":1,"mowziesmobs:wrought_axe":230,"minecraft:diamond_pickaxe":1026,"minecraft:apple":8,"iceandfire:dragonbone_sword_fire":706,"minecraft:iron_pickaxe":1028,"iceandfire:dragon_horn":12,"iceandfire:ash":1,"minecraft:stone_axe":13,"minecraft:cobblestone":76,"minecraft:potion":2,"minecraft:bucket":98},"minecraft:dropped":{"alexscaves:depth_glass":12,"minecraft:moss_block":1,"minecraft:glass_bottle":2,"minecraft:diamond":16,"minecraft:dark_oak_sapling":40,"minecraft:lantern":1,"minecraft:leather":4,"minecraft:jungle_planks":6,"minecraft:cracked_stone_bricks":3,"minecraft:flint":1,"minecraft:emerald":3,"minecraft:music_disc_13":1,"minecraft:cobblestone_stairs":1,"minecraft:dirt":13,"minecraft:redstone_lamp":2,"minecraft:dark_oak_log":67,"minecraft:cornflower":5,"minecraft:dark_oak_wood":2,"minecraft:mutton":13,"minecraft:dark_oak_trapdoor":1,"minecraft:snowball":16,"minecraft:stripped_dark_oak_wood":3,"minecraft:chain":5,"minecraft:gold_nugget":76,"minecraft:stripped_oak_wood":2,"minecraft:dark_oak_planks":1,"minecraft:white_wool":4,"minecraft:gold_ingot":2,"minecraft:bone":16,"minecraft:oak_door":1,"minecraft:gravel":23,"minecraft:stone_axe":1,"minecraft:iron_nugget":10,"minecraft:golden_chestplate":1,"minecraft:cobbled_deepslate":23,"minecraft:smooth_sandstone_stairs":1,"minecraft:pointed_dripstone":1,"minecraft:rotten_flesh":55,"minecraft:oak_planks":19,"alexscaves:rusty_scrap_metal_plate":3,"minecraft:mossy_stone_brick_slab":3,"minecraft:azure_bluet":4,"minecraft:carrot":1,"minecraft:chiseled_stone_bricks":1,"minecraft:poppy":3,"minecraft:rabbit_hide":1,"minecraft:leather_chestplate":1,"minecraft:tipped_arrow":1,"iceandfire:ghost_chest":2,"minecraft:gunpowder":14,"minecraft:stone_brick_wall":1,"minecraft:leather_boots":1,"minecraft:chainmail_boots":1,"minecraft:ladder":11,"minecraft:iron_bars":12,"minecraft:arrow":15,"iceandfire:chared_grass":9,"minecraft:netherrack":2,"minecraft:golden_boots":1,"minecraft:iron_ingot":1,"minecraft:black_dye":2,"minecraft:wheat_seeds":21,"minecraft:lilac":1,"minecraft:mossy_cobblestone":1,"minecraft:dripstone_block":1,"minecraft:oxidized_cut_copper":8,"minecraft:cobblestone":57,"minecraft:prismarine_shard":3,"minecraft:iron_helmet":2,"minecraft:oak_fence":1,"minecraft:feather":1,"minecraft:dark_prismarine_slab":1,"minecraft:prismarine_crystals":2,"minecraft:granite":72,"minecraft:spruce_door":2,"minecraft:tropical_fish":2,"minecraft:spruce_stairs":1,"minecraft:chainmail_helmet":1,"minecraft:coal":15,"minecraft:yellow_carpet":2,"mowziesmobs:wrought_axe":1,"minecraft:stick":6,"minecraft:polished_andesite":2,"minecraft:jungle_slab":1,"minecraft:gray_wool":1,"minecraft:mossy_cobblestone_slab":1,"minecraft:diorite":18,"minecraft:torch":2,"minecraft:rose_bush":1,"minecraft:rabbit":1,"minecraft:fire_charge":1,"minecraft:iron_leggings":3,"minecraft:oak_stairs":11,"minecraft:chainmail_leggings":2,"minecraft:iron_shovel":1,"minecraft:string":7,"minecraft:smooth_sandstone":1,"minecraft:tripwire_hook":2,"minecraft:oxidized_copper":1,"minecraft:spruce_sapling":9,"iceandfire:dragonscales_bronze":12,"minecraft:dandelion":12,"iceandfire:frozen_cobblestone":22,"iceandfire:silver_nugget":26,"minecraft:nether_brick_slab":1,"minecraft:furnace":1,"minecraft:moss_carpet":3,"minecraft:kelp":9,"minecraft:sweet_berries":2,"minecraft:tuff":6,"minecraft:chicken":1,"minecraft:iron_boots":1,"minecraft:nether_bricks":4,"minecraft:shield":2,"minecraft:spruce_planks":61,"minecraft:iron_chestplate":4,"minecraft:andesite":32,"minecraft:mossy_stone_bricks":2,"minecraft:golden_leggings":3,"minecraft:oak_sapling":1,"minecraft:wooden_shovel":1,"minecraft:spider_eye":9,"minecraft:stone_bricks":7,"minecraft:weathered_cut_copper":3,"minecraft:spruce_log":4,"iceandfire:fire_dragon_heart":1,"minecraft:bow":1,"minecraft:wooden_pickaxe":1,"minecraft:calcite":2,"minecraft:brick":10},"minecraft:crafted":{"minecraft:black_dye":3,"iceandfire:armor_sapphire_chestplate":1,"sophisticatedbackpacks:smelting_upgrade":1,"minecraft:glass":17,"minecraft:diamond_helmet":1,"minecraft:diamond_leggings":1,"minecraft:chest":2,"corail_recycler:recycler":1,"minecraft:glass_bottle":3,"sophisticatedbackpacks:backpack":1,"minecraft:diamond_axe":1,"minecraft:crafting_table":2,"minecraft:spruce_planks":132,"minecraft:wooden_pickaxe":1,"minecraft:spruce_door":3,"minecraft:birch_planks":68,"sophisticatedbackpacks:upgrade_base":1,"iceandfire:dragonbone_bow":1,"minecraft:diamond_pickaxe":1,"minecraft:shield":5,"sophisticatedbackpacks:diamond_backpack":4,"minecraft:stick":24,"minecraft:iron_ingot":70,"minecraft:iron_pickaxe":1,"minecraft:iron_block":10,"minecraft:gold_ingot":13,"iceandfire:dragon_horn":1,"minecraft:coal":18,"minecraft:iron_nugget":9,"iceandfire:dragonbone_sword_fire":2,"iceandfire:dragon_stick":1,"corail_recycler:steel_disk":1,"iceandfire:dragon_flute":1,"ring_of_repair:ring_of_repair":3,"minecraft:iron_axe":1,"iceandfire:tide_bronze_helmet":1,"iceandfire:armor_red_leggings":1,"minecraft:stone_pickaxe":1,"minecraft:diamond_boots":1,"iceandfire:armor_red_boots":1,"minecraft:wheat":45,"sophisticatedbackpacks:iron_backpack":3,"minecraft:cooked_beef":31,"iceandfire:dragonbone_sword":1,"minecraft:diamond_sword":2,"iceandfire:dragon_meal":45,"minecraft:iron_sword":1,"sophisticatedbackpacks:gold_backpack":3,"minecraft:bucket":1,"minecraft:stone_axe":1,"minecraft:bread":15,"minecraft:air":0,"minecraft:iron_leggings":1,"minecraft:anvil":3,"minecraft:white_bed":1,"minecraft:diamond_chestplate":1},"minecraft:custom":{"minecraft:interact_with_crafting_table":73,"minecraft:open_barrel":54,"minecraft:eat_cake_slice":10,"minecraft:leave_game":12,"minecraft:time_since_death":14115,"minecraft:sprint_one_cm":1472035,"minecraft:damage_blocked_by_shield":9166,"minecraft:drop":286,"minecraft:play_noteblock":2,"minecraft:play_time":588059,"minecraft:deaths":79,"minecraft:jump":9091,"minecraft:walk_on_water_one_cm":103398,"minecraft:interact_with_furnace":44,"minecraft:interact_with_cartography_table":1,"minecraft:interact_with_loom":1,"minecraft:sleep_in_bed":15,"minecraft:waystone_activated":1,"minecraft:damage_dealt":91702,"minecraft:player_kills":5,"minecraft:crouch_one_cm":83953,"minecraft:interact_with_anvil":39,"minecraft:mob_kills":436,"minecraft:climb_one_cm":10921,"minecraft:walk_one_cm":867284,"minecraft:sneak_time":30251,"minecraft:walk_under_water_one_cm":112163,"minecraft:boat_one_cm":95723,"minecraft:interact_with_blast_furnace":9,"minecraft:total_world_time":588059,"minecraft:tune_noteblock":1,"minecraft:time_since_rest":14145,"minecraft:damage_taken":38507,"minecraft:damage_absorbed":281,"minecraft:swim_one_cm":365091,"minecraft:fly_one_cm":1734488,"minecraft:open_chest":192,"minecraft:fall_one_cm":289625},"minecraft:broken":{"minecraft:iron_boots":1,"minecraft:iron_leggings":1,"minecraft:golden_sword":1,"minecraft:chainmail_leggings":1,"minecraft:shield":2,"minecraft:leather_boots":1,"minecraft:iron_pickaxe":1}},"DataVersion":3465}