{"stats":{"minecraft:custom":{"minecraft:interact_with_anvil":4,"minecraft:mob_kills":67,"minecraft:interact_with_crafting_table":18,"minecraft:leave_game":4,"minecraft:time_since_death":12746,"minecraft:climb_one_cm":1461,"minecraft:sprint_one_cm":245457,"minecraft:walk_one_cm":140946,"minecraft:damage_blocked_by_shield":2266,"minecraft:drop":71,"minecraft:play_time":98890,"minecraft:deaths":9,"minecraft:sneak_time":14346,"minecraft:walk_under_water_one_cm":8057,"minecraft:jump":1592,"minecraft:walk_on_water_one_cm":14848,"minecraft:total_world_time":98890,"minecraft:interact_with_furnace":29,"minecraft:interact_with_loom":1,"minecraft:sleep_in_bed":2,"minecraft:time_since_rest":11528,"minecraft:damage_taken":3898,"minecraft:damage_absorbed":200,"minecraft:damage_dealt":11694,"minecraft:swim_one_cm":28318,"minecraft:fly_one_cm":263158,"minecraft:open_chest":36,"minecraft:crouch_one_cm":40947,"minecraft:fall_one_cm":34631},"minecraft:used":{"iceandfire:dragon_skull_ice":1,"minecraft:spruce_planks":222,"minecraft:shield":42,"minecraft:torch":7,"minecraft:anvil":1,"minecraft:dirt":1,"minecraft:jungle_planks":71,"minecraft:dark_oak_planks":9,"minecraft:wooden_axe":15,"minecraft:iron_axe":95,"minecraft:smooth_sandstone":2,"minecraft:golden_carrot":7,"minecraft:sweet_berries":20,"minecraft:furnace":3,"minecraft:cobbled_deepslate":9,"minecraft:water_bucket":8,"minecraft:stone_pickaxe":4,"minecraft:baked_potato":2,"minecraft:ender_pearl":1,"minecraft:golden_apple":5,"minecraft:crafting_table":9,"minecraft:white_bed":1,"minecraft:iron_pickaxe":178,"minecraft:stone_axe":56,"minecraft:diamond_sword":296,"minecraft:cobblestone":47,"minecraft:potion":1,"minecraft:cooked_porkchop":1,"minecraft:cooked_rabbit":1,"minecraft:bucket":9,"minecraft:experience_bottle":33},"minecraft:crafted":{"minecraft:golden_carrot":7,"minecraft:furnace":3,"minecraft:cooked_mutton":4,"minecraft:iron_boots":1,"minecraft:iron_axe":1,"minecraft:stone_pickaxe":1,"minecraft:chest":1,"minecraft:dark_oak_planks":20,"sophisticatedbackpacks:iron_backpack":1,"minecraft:cooked_beef":14,"minecraft:diamond_sword":1,"sophisticatedbackpacks:backpack":1,"minecraft:cooked_porkchop":6,"minecraft:crafting_table":2,"minecraft:spruce_planks":260,"minecraft:iron_helmet":1,"minecraft:baked_potato":6,"sophisticatedbackpacks:gold_backpack":1,"minecraft:bucket":1,"minecraft:stone_axe":1,"minecraft:air":0,"minecraft:jungle_planks":72,"minecraft:iron_chestplate":1,"minecraft:golden_apple":4,"minecraft:gold_nugget":63,"minecraft:shield":1,"minecraft:stick":16,"minecraft:iron_pickaxe":1,"minecraft:wooden_axe":1,"minecraft:iron_block":3,"minecraft:iron_leggings":1,"minecraft:anvil":1,"minecraft:white_bed":1,"minecraft:torch":16},"minecraft:dropped":{"minecraft:iron_sword":1,"minecraft:soul_sand":2,"minecraft:dark_oak_stairs":3,"minecraft:wheat_seeds":1,"minecraft:lilac":1,"minecraft:mossy_cobblestone":1,"minecraft:glass_bottle":2,"minecraft:dark_oak_slab":2,"minecraft:cobblestone":2,"minecraft:lantern":1,"minecraft:jungle_planks":2,"minecraft:cracked_stone_bricks":2,"minecraft:rail":1,"iceandfire:graveyard_soil":15,"minecraft:stick":5,"minecraft:polished_andesite":1,"minecraft:cobweb":1,"minecraft:dirt":2,"minecraft:torch":1,"minecraft:mutton":1,"minecraft:wooden_axe":1,"minecraft:nether_wart_block":1,"minecraft:rose_bush":1,"minecraft:mossy_cobblestone_stairs":1,"minecraft:paper":4,"minecraft:dark_oak_planks":1,"minecraft:string":2,"minecraft:spruce_sapling":10,"minecraft:bone":8,"minecraft:gravel":20,"iceandfire:silver_nugget":14,"minecraft:stone_axe":1,"minecraft:player_head":2,"minecraft:cobbled_deepslate":3,"minecraft:soul_lantern":1,"minecraft:rotten_flesh":7,"minecraft:iron_boots":3,"minecraft:nether_bricks":17,"minecraft:chainmail_chestplate":1,"minecraft:chiseled_stone_bricks":1,"iceandfire:sapphire_gem":1,"iceandfire:ghost_chest":2,"minecraft:spruce_planks":6,"minecraft:mossy_stone_bricks":1,"minecraft:diamond_boots":1,"minecraft:arrow":12,"minecraft:stone_pickaxe":1,"iceandfire:manuscript":9},"minecraft:killed_by":{"minecraft:player":1,"minecraft:creeper":1,"minecraft:spider":1,"iceandfire:hydra":1,"minecraft:skeleton":4,"minecraft:zombie":1},"minecraft:picked_up":{"minecraft:crafting_table":7,"minecraft:anvil":1,"minecraft:cooked_rabbit":1,"minecraft:enchanted_book":1,"iceandfire:manuscript":18,"minecraft:string":10,"iceandfire:graveyard_soil":15,"minecraft:cracked_stone_bricks":2,"minecraft:cobbled_deepslate":30,"minecraft:beef":33,"minecraft:rose_bush":1,"minecraft:player_head":2,"minecraft:furnace":1,"minecraft:iron_boots":1,"minecraft:stick":7,"iceandfire:dragonbone":26,"iceandfire:ghost_chest":2,"minecraft:torch":8,"minecraft:porkchop":2,"minecraft:dark_oak_planks":1,"iceandfire:dragon_skull_ice":2,"minecraft:arrow":13,"minecraft:rotten_flesh":8,"minecraft:nether_bricks":17,"minecraft:diamond_boots":2,"minecraft:mutton":7,"minecraft:rail":1,"minecraft:white_wool":6,"minecraft:cobblestone":82,"minecraft:lilac":1,"minecraft:jungle_log":18,"minecraft:leather":14,"minecraft:potato":6,"minecraft:chainmail_chestplate":1,"minecraft:nether_wart_block":1,"minecraft:paper":4,"minecraft:dirt":14,"minecraft:lantern":1,"minecraft:smooth_sandstone":2,"minecraft:bone":16,"minecraft:wheat_seeds":1,"minecraft:spruce_wood":35,"minecraft:iron_ingot":39,"minecraft:cobweb":1,"minecraft:mossy_stone_bricks":1,"minecraft:glass_bottle":1,"minecraft:soul_sand":2,"minecraft:dark_oak_stairs":3,"minecraft:book":58,"minecraft:dark_oak_slab":2,"minecraft:sweet_berries":10,"minecraft:chiseled_stone_bricks":1,"minecraft:gravel":20,"minecraft:jungle_planks":3,"minecraft:spruce_sapling":10,"minecraft:spruce_log":30,"minecraft:dark_oak_log":5,"minecraft:mossy_cobblestone":1,"minecraft:polished_andesite":1,"minecraft:diamond":9,"minecraft:soul_lantern":1,"minecraft:mossy_cobblestone_stairs":1,"iceandfire:silver_nugget":14,"minecraft:coal":12},"minecraft:mined":{"minecraft:dark_oak_planks":2,"minecraft:diamond_ore":3,"minecraft:mossy_cobblestone":1,"minecraft:deepslate_diamond_ore":6,"minecraft:dark_oak_log":5,"minecraft:nether_bricks":10,"minecraft:granite":18,"minecraft:grass_block":7,"minecraft:jungle_planks":3,"minecraft:jungle_log":18,"minecraft:chiseled_stone_bricks":1,"minecraft:spawner":7,"minecraft:furnace":1,"minecraft:mossy_cobblestone_stairs":1,"minecraft:iron_ore":1,"minecraft:anvil":1,"minecraft:nether_brick_stairs":2,"minecraft:bookshelf":7,"minecraft:vine":2,"minecraft:lantern":1,"minecraft:spruce_wood":37,"minecraft:stone":63,"minecraft:soul_sand":2,"minecraft:smooth_sandstone":2,"minecraft:crafting_table":8,"minecraft:torch":4,"iceandfire:ghost_chest":1,"minecraft:rose_bush":1,"minecraft:cobblestone":3,"minecraft:wall_torch":2,"minecraft:dark_oak_slab":3,"minecraft:nether_wart_block":1,"minecraft:lilac":1,"minecraft:spruce_log":38,"minecraft:grass":5,"minecraft:oak_log":2,"minecraft:coal_ore":11,"minecraft:gravel":10,"minecraft:dirt":6,"minecraft:cobweb":5,"minecraft:cracked_stone_bricks":2,"minecraft:polished_andesite":1,"minecraft:mossy_stone_bricks":1,"minecraft:oak_leaves":7,"minecraft:deepslate":29,"minecraft:fern":4},"minecraft:killed":{"minecraft:cave_spider":2,"minecraft:spider":2,"minecraft:skeleton":11,"minecraft:silverfish":2,"minecraft:pig":2,"minecraft:sheep":5,"minecraft:zombie":17,"minecraft:stray":1,"minecraft:wither_skeleton":4,"minecraft:cow":18}},"DataVersion":3465}